Title,Rating,Votes,Duration,Genre
Mufasa: The Lion King,6.6,63000,118,Adventure
Twisters,6.5,168000,122,Adventure
Gladiator II,6.5,229000,148,Adventure
Moana 2,6.6,102000,100,Adventure
Flow,7.9,74000,85,Adventure
Sonic the Hedgehog 3,6.9,59000,110,Adventure
Kraven the Hunter,5.5,55000,127,Adventure
Deadpool & Wolverine,7.6,492000,128,Adventure
Paddington in Peru,6.7,21000,106,Adventure
Dune: Part Two,8.5,625000,166,Adventure
Venom: The Last Dance,6.0,117000,110,Adventure
The Count of Monte-Cristo,7.6,34000,178,Adventure
Freaky Tales,7.2,1200,107,Adventure
Furiosa: A Mad Max Saga,7.5,285000,148,Adventure
Transformers One,7.6,51000,104,Adventure
Borderlands,4.7,48000,101,Adventure
The Return,6.2,8500,116,Adventure
Despicable Me 4,6.2,65000,94,Adventure
The Day the Earth Blew Up: A Looney Tunes Movie,7.0,4200,91,Adventure
Madame Web,4.0,101000,116,Adventure
Inside Out 2,7.5,216000,96,Adventure
The Lord of the Rings: The War of the Rohirrim,6.3,30000,134,Adventure
Bad Boys: Ride or Die,6.5,100000,115,Adventure
Red One,6.3,140000,123,Adventure
Solo Leveling: ReAwakening,8.7,12000,121,Adventure
Love Lies Bleeding,6.6,57000,104,Adventure
Damsel,6.1,110000,110,Adventure
Godzilla x Kong: The New Empire,6.0,122000,115,Adventure
Ghostbusters: Frozen Empire,6.1,93000,115,Adventure
Kingdom of the Planet of the Apes,6.9,151000,145,Adventure
Spaceman,5.7,43000,107,Adventure
Kung Fu Panda 4,6.3,68000,94,Adventure
Survive,4.5,2500,90,Adventure
Uglies,4.7,33000,100,Adventure
The Garfield Movie,5.7,24000,101,Adventure
My Penguin Friend,6.7,5200,97,Adventure
Harold and the Purple Crayon,5.7,8400,90,Adventure
Attack on Titan the Movie: The Last Attack,9.2,16000,145,Adventure
Atlas,5.6,56000,118,Adventure
Descendants: The Rise of Red,4.7,7000,91,Adventure
Monster Summer,5.7,3700,97,Adventure
Wallace & Gromit: Vengeance Most Fowl,7.5,34000,82,Adventure
Kalki 2898 AD,7.0,67000,180,Adventure
Spellbound,5.5,7400,109,Adventure
Arthur the King,7.0,34000,107,Adventure
Night of the Zoopocalypse,6.0,659000,91,Adventure
Rebel Moon - Part Two: The Scargiver,5.3,59000,122,Adventure
Hitpig,5.1,942000,86,Adventure
Thelma the Unicorn,5.7,2900,93,Adventure
Family Pack,5.5,9100,94,Adventure
The Best Christmas Pageant Ever,6.8,6100,99,Adventure
No Way Up,4.6,11000,90,Adventure
Buffalo Kids,6.6,693000,93,Adventure
Megamind vs. The Doom Syndicate,2.5,5600,83,Adventure
The Unholy Trinity,7.9,53000,93,Adventure
Orion and the Dark,6.3,17000,93,Adventure
Bookworm,6.0,1900,103,Adventure
Lost on a Mountain in Maine,6.1,1200,98,Adventure
The Goat Life,7.1,47000,173,Adventure
Winner,6.5,2500,103,Adventure
The Courier,6.0,4400,101,Adventure
Sasquatch Sunset,5.4,5400,88,Adventure
Hanu Man,7.7,29000,158,Adventure
Justice League: Crisis on Infinite Earths - Part One,6.2,8500,93,Adventure
River of Blood,5.2,1800,86,Adventure
"I, the Executioner",6.3,1700,118,Adventure
Justice League: Crisis on Infinite Earths - Part Three,6.1,4500,94,Adventure
Badland Hunters,5.9,12000,107,Adventure
The Last of Us: Immunity,5.3,19000,64,Adventure
My Hero Academia: You're Next,7.0,2200,110,Adventure
That Christmas,6.8,17000,91,Adventure
Raqa,5.6,217000,107,Adventure
Ultraman: Rising,6.9,6400,117,Adventure
Demon Slayer: Kimetsu No Yaiba - To the Hashira Training,7.1,8500,104,Adventure
The Price of Money: A Largo Winch Adventure,5.0,1200,100,Adventure
Manjummel Boys,8.2,27000,135,Adventure
Something in the Water,4.1,4700,86,Adventure
Woody Woodpecker Goes to Camp,4.5,2600,100,Adventure
No Chains No Masters,6.4,550000,98,Adventure
The Wages of Fear,4.6,4100,104,Adventure
Saving Bikini Bottom: The Sandy Cheeks Movie,3.7,3900,82,Adventure
The Empire,5.2,1200,110,Adventure
Anaconda,4.9,637000,84,Adventure
Doraemon the Movie: Nobita's Earth Symphony,6.6,1500,115,Adventure
Cult Killer,4.8,2800,105,Adventure
Chuck Billy and the Marvelous Guava Tree,7.4,1000,90,Adventure
Dragonkeeper,5.7,1700,98,Adventure
Justice League: Crisis on Infinite Earths - Part Two,5.5,5300,94,Adventure
Eat the Night,6.1,485000,106,Adventure
200% Wolf,5.9,1300,98,Adventure
Angels Fallen: Warriors of Peace,4.9,5800,103,Adventure
Sixty Minutes,5.7,5200,88,Adventure
Saint-Exupéry,5.4,326000,98,Adventure
The Twisters,2.5,341000,86,Adventure
Escape,6.4,2000,94,Adventure
The Tiger's Apprentice,5.7,2200,84,Adventure
Golden Kamuy,6.3,2600,127,Adventure
Overlord: The Sacred Kingdom,6.9,991000,135,Adventure
Bambi: A Tale of Life in the Woods,5.7,173000,78,Adventure
Operation Blood Hunt,3.5,489000,93,Adventure
Panda Bear in Africa,5.5,347000,84,Adventure
Autumn and the Black Jaguar,5.6,1000,100,Adventure
Bade Miyan Chote Miyan,3.7,39000,163,Adventure
Gaami,6.4,2000,147,Adventure
Crayon Shin-chan: Ora's Dinosaur Diary,6.4,356000,106,Adventure
Kanguva,4.5,15000,152,Adventure
Unspeakable: Beyond the Wall of Sleep,6.1,55000,90,Adventure
A.R.M,7.1,8700,150,Adventure
A Sloth Story,5.6,206000,90,Adventure
Mountain Boy,8.3,24000,93,Adventure
Rebellious,6.0,195000,94,Adventure
Devil's Knight,5.2,896000,90,Adventure
A Legend,4.7,912000,129,Adventure
The Last Redemption,6.6,3700,122,Adventure
The Firing Squad,5.1,5000,93,Adventure
Man and Witch: The Dance of a Thousand Steps,5.5,332000,94,Adventure
Elli and the Ghostly Ghost Train,5.1,101000,86,Adventure
WWII: Operation Phoenix,6.2,77000,106,Adventure
War of the Worlds: Extinction,3.0,207000,84,Adventure
Lumina,2.1,672000,113,Adventure
Thangalaan,6.6,6600,156,Adventure
Cells at Work!,6.7,241000,109,Adventure
Noah's Ark,4.3,662000,96,Adventure
Dongeng Sang Kancil,6.7,173000,99,Adventure
Planetquake,3.0,307000,85,Adventure
Meanwhile on Earth,6.0,916000,89,Adventure
Bionic,4.3,1700,110,Adventure
Escape from the 21st Century,6.5,887000,98,Adventure
Robin and the Hoods,4.3,512000,100,Adventure
Gracie and Pedro: Pets to the Rescue,5.1,276000,87,Adventure
This Too Shall Pass,9.0,12000,105,Adventure
School of Magical Animals 3,5.8,315000,105,Adventure
All for One,1.4,660000,97,Adventure
Return to Wickensburg,5.0,30000,88,Adventure
Roadkill,3.7,685000,90,Adventure
Big City Greens the Movie: Spacecation,6.2,543000,83,Adventure
Pimpinero: Blood and Oil,5.6,551000,121,Adventure
The Keepers of the 5 Kingdoms,4.0,219000,109,Adventure
The Last Ronin,4.9,577000,115,Adventure
The Mountain,6.6,157000,89,Adventure
Warrior Awang and Master Tok Gajah,4.6,476000,118,Adventure
The Goat,5.7,186000,91,Adventure
No Time to Spy: A Loud House Movie,6.4,450000,81,Adventure
Kvitebjørn,5.9,62000,85,Adventure
I Heart Robots,4.6,2400,76,Adventure
Dalia y el Libro Rojo,6.5,91000,107,Adventure
Gladiators,5.9,45000,95,Adventure
Spiders on a Plane,5.1,373000,78,Adventure
Barroz: Guardian of Treasures,3.5,1000,155,Adventure
Rally Caps,5.5,140000,100,Adventure
Never Look Away,7.2,265000,85,Adventure
One Million Babes BC,2.1,85000,75,Adventure
Oscar Wilde About America,4.4,28000,98,Adventure
Beyond existence,4.3,21000,95,Adventure
My Freaky Family,6.3,406000,86,Adventure
My Oni Girl,6.0,1700,112,Adventure
"Maya, donne-moi un titre",6.4,54000,61,Adventure
The Kingdom,7.9,91000,133,Adventure
Marianengraben,7.4,84000,87,Adventure
Going Viral,6.9,53000,90,Adventure
Ayalaan,6.0,4000,155,Adventure
Mobile Suit Gundam SEED Freedom,6.6,953000,124,Adventure
Diplodocus,6.3,178000,90,Adventure
The Phantom Warrior,2.4,555000,119,Adventure
Guest from the Future,6.0,1200,141,Adventure
Seven Seas Seven Hills,8.7,89000,90,Adventure
Si Juki the Movie: Harta Pulau Monyet,6.0,119000,107,Adventure
Odio el verano,5.1,585000,103,Adventure
Storm Crashers,6.2,563000,88,Adventure
Road Wars: Max Fury,2.0,350000,83,Adventure
Five Friends,6.7,909000,112,Adventure
The Casagrandes Movie,5.6,667000,89,Adventure
A Trip Elsewhere,5.5,102000,93,Adventure
Earthquake Underground,3.3,196000,83,Adventure
Rocky Road to Berlin,7.2,1400,104,Adventure
STEVE (A Minecraft Movie),6.9,12000,61,Adventure
Dünya Varmis,7.2,54000,100,Adventure
Fox & Hare Save the Forest,5.9,203000,71,Adventure
Treasure Trackers,5.8,163000,92,Adventure
Ahl Al Kahf,5.3,265000,120,Adventure
Kalvan,5.6,985000,142,Adventure
Bureau 749,4.0,533000,123,Adventure
Luigi's Mansion,6.0,17000,60,Adventure
The Traveller,5.2,208000,134,Adventure
Oculus,6.0,15000,113,Adventure
Shrek 5: The Contract - A Fan Made Film,7.0,19000,84,Adventure
My Fathers' Daughter,6.7,74000,78,Adventure
The Lost Tiger,7.9,45000,90,Adventure
The Epidemic,5.7,72000,95,Adventure
Amazon Bullseye,5.2,204000,113,Adventure
Buddy,3.8,346000,137,Adventure
Die Chaosschwestern und Pinguin Paul,5.7,68000,100,Adventure
Memes & Nightmares,5.7,86000,81,Adventure
Nintama Rantaro Dokutake Ninja-tai Saikyou no Gunshi,6.9,21000,90,Adventure
Captain Miller,6.5,8600,157,Adventure
Bremenskie muzykanty,4.6,671000,115,Adventure
Sunlight,7.9,17000,96,Adventure
Empire Queen: The Golden Age of Magic,3.2,204000,148,Adventure
Taklee Genesis x Worlds Collide,5.4,410000,146,Adventure
The Trail,7.8,37000,80,Adventure
Shanghai Story,8.2,58000,71,Adventure
Game On,2.6,353000,85,Adventure
Spirit Riser,6.7,33000,98,Adventure
The Backrooms,6.2,8000,63,Adventure
Kodaikanal,9.2,69000,173,Adventure
Sam and Colby: The Legends of the Paranormal,4.8,307000,98,Adventure
At Her Feet,7.5,41000,100,Adventure
Vertical,5.2,133000,111,Adventure
Daye: Seret ahl el Daye,7.9,17000,104,Adventure
Un lío de millones,6.0,50000,91,Adventure
Its Name Was Mormo,3.7,115000,93,Adventure
Bull Shark 3,3.5,84000,76,Adventure
The Big Trip 3: Race Around the World,5.6,59000,85,Adventure
Zak & Wowo: The Legend of Lendarys,5.7,96000,85,Adventure
Jathara,7.8,1100,129,Adventure
Formed Police Unit,4.6,479000,120,Adventure
Tokusou Sentai Dekaranger 20th: Fireball Booster,7.0,33000,50,Adventure
Transformers Prime: Galavatron's Revenge,3.4,10000,104,Adventure
Niko: Beyond the Northern Lights,6.2,333000,86,Adventure
Stinky Summer,5.6,51000,90,Adventure
The Forest,6.3,49000,77,Adventure
Powder Pup,6.2,76000,89,Adventure
Dragon Ball Z Kai,8.5,71000,82,Adventure
This Land of Mine,5.7,11000,90,Adventure
Friendly Fire,5.7,37000,105,Adventure
Trifole,7.6,51000,100,Adventure
The Adventures of Jurassic Pet: Return to the Wild,5.2,63000,90,Adventure
Jurassic Triangle,2.5,281000,84,Adventure
Kaizen,7.3,654000,160,Adventure
Little Emma,5.9,114000,106,Adventure
Dead Dead Demon's Dededede Destruction,7.0,145000,120,Adventure
Dreams,7.6,8000,106,Adventure
My Redneck Neighbor: Chapter 1 - The Rednecks Are Coming,5.7,9000,74,Adventure
Askepote,3.5,83000,72,Adventure
Lo carga el diablo,7.4,23000,93,Adventure
Captain Avispa,5.8,177000,96,Adventure
Yolki 11,4.7,170000,92,Adventure
Death Game,6.3,24000,88,Adventure
Diving Into the Darkness,9.1,83000,96,Adventure
The Star City Murders,4.1,142000,79,Adventure
Next to Us,4.8,225000,125,Adventure
Birds Flying East,5.8,567000,100,Adventure
Mong Vuot,5.3,123000,96,Adventure
Satu - Year of the Rabbit,9.1,56000,93,Adventure
Shadows of Betrayal: Chronicles of Ian Blair,7.3,12000,65,Adventure
Teenz,4.4,864000,122,Adventure
LasseMajas detektivbyrå - Maskoten som försvann,6.0,58000,90,Adventure
Ghost Island,7.3,47000,95,Adventure
Tulang Belulang Tulang,7.0,47000,95,Adventure
Fuuto PI: Portrait of Kamen Rider Skull,7.5,42000,82,Adventure
Z-Mom,4.9,45000,90,Adventure
The Slave and the Sorcerer,6.7,40000,86,Adventure
Håkan Bråkan 2,5.3,133000,92,Adventure
Dünya Mali: Eksi Bir,7.2,17000,133,Adventure
Stranded Pearl,6.0,27000,90,Adventure
Gepack,6.6,360000,97,Adventure
Witch Hunter,5.3,24000,80,Adventure
Letuchiy korabl,3.8,298000,100,Adventure
Permafrost,5.7,115000,80,Adventure
The Umbrella Fairy,5.5,54000,95,Adventure
Tri kota. Zimnie kanikuly,6.5,31000,65,Adventure
Major Grom: The Game,6.1,1900,168,Adventure
Turma da Mônica Jovem: Reflexos do Medo,2.8,258000,88,Adventure
Arctic Hollow,2.3,180000,70,Adventure
Wonderful Precure! The Movie! Doki Doki Game no Sekai de Daiboken,7.0,35000,71,Adventure
Masha i Medved v kino: Park chudes,7.6,17000,58,Adventure
Dikkie Dik 2: Een Nieuwe Vriend voor Dikkie Dik,7.4,72000,70,Adventure
Historia de pastores,5.5,34000,80,Adventure
The Worlds Divide,8.1,39000,120,Adventure
Benjamin Bat,7.9,30000,75,Adventure
Baba Yaga spasaet Novyy god,4.4,116000,99,Adventure
Yaren Leylek,5.9,27000,95,Adventure
The Yoshi Movie,7.7,12000,105,Adventure
Cazatesoros,6.4,28000,106,Adventure
Hain,2.9,45000,95,Adventure
Güzel Bir Rüya,4.7,44000,79,Adventure
BAM!,6.9,29000,80,Adventure
Naa Saami Ranga,4.5,1200,150,Adventure
Tri bogatyrya. Ni dnya bez podviga,5.7,69000,61,Adventure
Igrisca ne damo!,7.0,27000,79,Adventure
Tay 2: Ebabil Takimi,5.2,38000,78,Adventure
Rocky and Bullwinkle,9.2,13000,100,Adventure
Xibalba Monster,6.5,29000,76,Adventure
Vikaasaparva,8.5,541000,134,Adventure
Six Nine Five (695),7.1,705000,137,Adventure
Dead Dead Demon's Dededede Destruction Zenpen,7.1,140000,120,Adventure
Dikkie Dik en de Verdwenen Knuffel,7.3,130000,62,Adventure
Tipppsy,8.2,33000,115,Adventure
Abudeka Is Back,5.3,35000,120,Adventure
Ognivo,5.5,226000,105,Adventure
Chernyy zamok,7.9,19000,115,Adventure
"Silex and the City, le film",4.9,50000,77,Adventure
Appu,8.6,182000,92,Adventure
Nature Cat's Nature Movie Special Extraordinaire,7.3,19000,53,Adventure
The Secret of Pin-Up Island,7.4,92000,107,Adventure
Moy dikiy drug,6.5,58000,100,Adventure
Two Breaths,8.2,22000,18,Adventure
Nothing Unusual,9.7,12000,92,Adventure
Mobile Suit Gundam: Silver Phantom,6.1,13000,90,Adventure
Oyunda Kal: Eglence Arenasi,2.6,36000,92,Adventure
Pui Pui Molcar the Movie: Molmax,7.0,9000,69,Adventure
Surge of Power: Where There's Smoke,6.5,13000,68,Adventure
The Eye of the Salamander,7.9,20000,81,Adventure
Bratya,2.8,122000,103,Adventure
Goodbye Hamdi,6.2,9000,85,Adventure
Cândido,6.3,61000,99,Adventure
Chhota Bheem and the Curse of Damyaan,4.8,2300,145,Adventure
Fights Break Sphere 3,4.7,8000,81,Adventure
Wilhelm Gustloff,8.7,8000,110,Adventure
Mama,8.5,7000,100,Adventure
Joachim and the Apocalypse,7.2,13000,90,Adventure
Triple 7: They Said It Couldn't Be Done,8.5,14000,97,Adventure
Adam i Eva,5.1,94000,95,Adventure
Steal the Naughty List,6.4,120000,90,Adventure
The Last Five Days: The Freak Building,3.8,58000,61,Adventure
Samaya bolshaya luna,2.4,128000,105,Adventure
Poklad,4.4,41000,100,Adventure
Petualangan Anak Penangkap Hantu,6.0,25000,99,Adventure
Operation Wakaliga: Fate and Blood,6.7,11000,66,Adventure
Manyunya. Priklyucheniya v derevne,5.8,121000,84,Adventure
Zoloto Umalty,4.9,109000,109,Adventure
Jaunt,8.4,7000,78,Adventure
Hope & Glory,6.6,145000,44,Adventure
Vasilisa i khraniteli vremeni,3.1,68000,98,Adventure
Kiyma: Orman Kanunlari,4.5,36000,81,Adventure
Suchana,8.8,511000,90,Adventure
Antarctic Voyage,6.8,6000,48,Adventure
The Dragon's Tomb,6.8,52000,77,Adventure
Manyunya. Priklyucheniya v Moskve,5.8,111000,87,Adventure
Mortadella,8.4,6000,90,Adventure
Anytime,8.9,20000,62,Adventure
The Very Last Christmas,8.5,12000,75,Adventure
Piraty galaktiki Barrakuda,4.5,82000,92,Adventure
Troy the Bharat Putra,5.5,31000,134,Adventure
Longe da Estrada,6.0,9000,68,Adventure
"Fallen Leaves, Broken Lighters",7.7,7000,96,Adventure
De Legende van Familie Vos,5.7,59000,81,Adventure
Suvorovets 1944,5.1,9000,90,Adventure
V potoke trekh stikhiy,5.2,42000,85,Adventure
Mai Martaba,4.9,10000,86,Adventure
Wonderland,6.8,12000,120,Adventure
Advent,7.5,6000,119,Adventure
Heavens: The Boy and His Robot,6.3,22000,98,Adventure
Príncipe Lu e a Lenda do Dragão,4.2,27000,90,Adventure
Yasmeen's Element,7.6,20000,76,Adventure
Kade,6.7,16000,92,Adventure
Novogodniy ekspress,9.2,6000,47,Adventure
Tur s Ivanushkami,5.3,159000,111,Adventure
The Ballad of Straw Hat Sam,9.2,10000,45,Adventure
Bar MoskvaChiki,5.2,102000,91,Adventure
The Bigfoot Prophecy,4.8,23000,117,Adventure
LUDA,7.2,6000,86,Adventure
Tayna Chyornoy Ruki,5.7,23000,84,Adventure
Novyy god v Beryozovke,7.1,99000,94,Adventure
Tracing the Divide,8.8,170000,84,Adventure
Abar Arownne Din Ratri,8.0,8000,111,Adventure
Dracu Ra,5.4,37000,106,Adventure
Il ricercatore,5.8,7000,71,Adventure
A Christmas Carol,9.8,11000,39,Adventure
Applepictures the Poseidon Legacy,6.4,19000,84,Adventure
No More Trouble - Cosa rimane di una tempesta,8.5,19000,97,Adventure
StarGazer: The Need of the Many,5.0,9000,47,Adventure
Chyortov kamen,6.4,10000,105,Adventure
Dandelion,8.9,9000,95,Adventure
Kyle and the Last Emerald 2,8.4,7000,15,Adventure
"Poymay sobaku, esli smozhesh",3.5,36000,96,Adventure
Moy lyubimyy chempion,2.4,418000,95,Adventure
Frankenstein Theater: The Magic Sword,4.4,23000,82,Adventure
Colour Palette,9.1,28000,87,Adventure
Lajjpal,9.0,8000,252,Adventure
The Blinkless,7.8,12000,59,Adventure
YA - medved,5.0,61000,97,Adventure
Mesken (Messuage),7.5,38000,102,Adventure
Isle: Alpha One,8.4,7000,97,Adventure
Mukhadrakon,5.3,18000,109,Adventure
Skazochnyy patrul. Shou prodolzhayetsya,7.2,11000,65,Adventure
PW V: Tears of the Fallen,8.2,11000,60,Adventure
Pirates & Slaves,5.8,6000,53,Adventure
Turbozavry. God drakona,9.2,43000,48,Adventure
Ngesot,4.8,18000,87,Adventure
Sehnsucht nach Firdaws,8.5,6000,103,Adventure
Let's Go! Anpanman: Baikinman and Lulun,6.5,7000,64,Adventure
Selebryata,3.8,20000,93,Adventure
Banana Boat,5.7,20000,78,Adventure
Boom!,8.3,11000,90,Adventure
Luccas e Gi em: Dinossauros,3.5,27000,91,Adventure
Whites Only: Ade's Extremist Adventure,7.0,27000,65,Adventure
I'm Professional,3.7,8000,95,Adventure
Gostya iz kosmosa,8.5,6000,70,Adventure
Okhota na russkogo geniya,5.3,11000,71,Adventure
Piri Reis: The Incredible Chart,6.9,22000,138,Adventure
Beyaz Zenciler: Yapim Asamasi,8.6,5000,55,Adventure
The Kingfish 2,7.9,10000,72,Adventure
Twisters,6.5,168000,122,Action
Gladiator II,6.5,229000,148,Action
Sonic the Hedgehog 3,6.9,59000,110,Action
Kraven the Hunter,5.5,55000,127,Action
Deadpool & Wolverine,7.6,492000,128,Action
Civil War,7.0,237000,109,Action
Dune: Part Two,8.5,625000,166,Action
The Ministry of Ungentlemanly Warfare,6.8,135000,122,Action
Venom: The Last Dance,6.0,117000,110,Action
The Beekeeper,6.3,157000,105,Action
The Count of Monte-Cristo,7.6,34000,178,Action
Freaky Tales,7.2,1200,107,Action
Furiosa: A Mad Max Saga,7.5,285000,148,Action
Transformers One,7.6,51000,104,Action
Carry-On,6.5,165000,119,Action
Borderlands,4.7,48000,101,Action
Fight or Flight,6.4,7100,97,Action
The Fall Guy,6.8,221000,126,Action
The Crow,4.7,35000,111,Action
Road House,6.2,168000,121,Action
Rebel Ridge,6.8,88000,131,Action
Pushpa: The Rule - Part 2,6.1,56000,201,Action
Madame Web,4.0,101000,116,Action
The Lord of the Rings: The War of the Rohirrim,6.3,30000,134,Action
Elevation,5.6,22000,91,Action
Absolution,5.2,8100,112,Action
Bad Boys: Ride or Die,6.5,100000,115,Action
Red One,6.3,140000,123,Action
Solo Leveling: ReAwakening,8.7,12000,121,Action
Love Lies Bleeding,6.6,57000,104,Action
Argylle,5.6,93000,139,Action
Damsel,6.1,110000,110,Action
William Tell,5.7,2500,133,Action
The Union,5.4,53000,107,Action
Godzilla x Kong: The New Empire,6.0,122000,115,Action
Kingdom of the Planet of the Apes,6.9,151000,145,Action
Land of Bad,6.6,51000,113,Action
Hellboy: The Crooked Man,4.5,13000,99,Action
Kung Fu Panda 4,6.3,68000,94,Action
Werewolves,4.4,6600,93,Action
Homestead,5.3,3600,112,Action
Survive,4.5,2500,90,Action
Monkey Man,6.8,92000,121,Action
Aftermath,5.1,4000,97,Action
The Killer's Game,5.8,17000,104,Action
The Instigators,6.2,38000,101,Action
Beverly Hills Cop: Axel F,6.4,81000,118,Action
Lift,5.5,49000,107,Action
Gunner,3.2,2700,106,Action
Classified,3.7,2600,105,Action
Blitz,6.2,16000,120,Action
Uglies,4.7,33000,100,Action
Maharaja,8.4,67000,141,Action
The Killer,5.7,13000,126,Action
Old Guy,5.2,2400,94,Action
Drive-Away Dolls,5.4,23000,84,Action
Attack on Titan the Movie: The Last Attack,9.2,16000,145,Action
Thelma,7.0,22000,98,Action
Atlas,5.6,56000,118,Action
Azrael,5.4,11000,86,Action
Descendants: The Rise of Red,4.7,7000,91,Action
Arcadian,5.5,23000,92,Action
Toofan,7.4,8100,145,Action
Watchmen: Chapter I,7.1,6600,83,Action
Marco,6.8,21000,145,Action
Apocalypse Z: The Beginning of the End,6.1,20000,117,Action
Dirty Angels,4.3,3400,104,Action
Canary Black,5.3,11000,101,Action
Cash Out,4.8,3000,92,Action
Trigger Warning,4.6,19000,106,Action
Under Paris,5.2,36000,104,Action
Kalki 2898 AD,7.0,67000,180,Action
Armor,3.6,4000,89,Action
Long Gone Heroes,5.2,1100,101,Action
Trouble,6.2,6900,98,Action
Rebel Moon - Part Two: The Scargiver,5.3,59000,122,Action
Jackpot!,5.8,30000,106,Action
11 Rebels,6.2,418000,155,Action
Twilight of the Warriors: Walled In,7.0,9500,126,Action
Brothers,5.4,13000,89,Action
Amaran,8.1,19000,167,Action
The Shadow Strays,6.5,9200,144,Action
Duchess,4.6,1400,114,Action
The Silent Hour,6.1,7500,99,Action
The Fix,4.6,1200,98,Action
Red Right Hand,5.5,5900,111,Action
Weekend in Taipei,5.7,4700,100,Action
Hitpig,5.1,942000,86,Action
Alien: Rubicon,2.4,343000,86,Action
Watchmen: Chapter II,7.0,3100,90,Action
Hounds of War,4.5,1800,95,Action
Harbin,6.2,651000,108,Action
Fighter,6.2,52000,166,Action
Uprising,6.6,5600,126,Action
No Way Up,4.6,11000,90,Action
Boneyard,4.1,5000,96,Action
Role Play,5.5,19000,100,Action
Hagen,6.0,1200,139,Action
Cloud,6.3,1200,124,Action
Damaged,4.7,7300,97,Action
Bangkok Dog,4.7,201000,85,Action
Megamind vs. The Doom Syndicate,2.5,5600,83,Action
Chief of Station,4.7,4600,97,Action
Take Cover,5.1,2500,90,Action
Relay,7.5,108000,112,Action
The Prosecutor,6.7,2000,117,Action
Karma,7.9,1400,167,Action
Baby John,5.2,17000,159,Action
The Courier,6.0,4400,101,Action
Viduthalai Part 2,7.9,16000,170,Action
The Thundermans Return,5.0,1800,70,Action
Hanu Man,7.7,29000,158,Action
Revolver,5.4,868000,114,Action
Singham Again,4.7,75000,144,Action
Justice League: Crisis on Infinite Earths - Part One,6.2,8500,93,Action
Baby Invasion,4.6,459000,80,Action
My Spy: The Eternal City,5.7,11000,112,Action
Pusaka,5.2,128000,90,Action
The Roundup: Punishment,6.6,5300,109,Action
Sikandar Ka Muqaddar,6.0,24000,142,Action
River of Blood,5.2,1800,86,Action
Levels,5.0,1500,93,Action
Darkness of Man,4.8,3200,109,Action
The Quiet Ones,6.3,692000,110,Action
One More Shot,5.4,3700,103,Action
Zero,6.2,70000,88,Action
"I, the Executioner",6.3,1700,118,Action
Jigra,6.0,24000,153,Action
Prey,3.7,3300,86,Action
Devara Part 1,6.0,20000,176,Action
Justice League: Crisis on Infinite Earths - Part Three,6.1,4500,94,Action
Badland Hunters,5.9,12000,107,Action
The Last of Us: Immunity,5.3,19000,64,Action
My Hero Academia: You're Next,7.0,2200,110,Action
Aavesham,7.8,28000,155,Action
London Calling,7.5,22000,109,Action
Sunray: Fallen Soldier,4.3,639000,115,Action
Code 8: Part II,5.7,16000,100,Action
Raqa,5.6,217000,107,Action
Striking Rescue,5.7,423000,106,Action
Ultraman: Rising,6.9,6400,117,Action
Demon Slayer: Kimetsu No Yaiba - To the Hashira Training,7.1,8500,104,Action
The Price of Money: A Largo Winch Adventure,5.0,1200,100,Action
Dominique,5.3,2200,100,Action
The Clean Up Crew,4.1,1200,95,Action
Utopia,3.6,363000,91,Action
Officer Black Belt,6.8,8300,108,Action
Mafia Wars,3.4,243000,94,Action
Air Force One Down,4.4,2900,84,Action
Death Whisperer 2,6.4,1400,110,Action
Dan Da Dan: First Encounter,8.2,2700,83,Action
Joe Baby,7.4,32000,86,Action
The Wages of Fear,4.6,4100,104,Action
Night Call,6.8,2000,97,Action
Pani,6.9,3000,143,Action
KA,7.1,1600,151,Action
Simarik,6.5,2700,111,Action
Anaconda,4.9,637000,84,Action
Cesium Fallout,6.4,705000,136,Action
Dark Match,5.4,955000,94,Action
Latency,4.2,2600,94,Action
Article 370,7.8,25000,158,Action
The Family Star,5.4,5500,159,Action
Life After Fighting,6.4,2000,126,Action
Kill Em All 2,4.1,1300,88,Action
One Fast Move,5.0,2200,108,Action
40 Acres,6.8,136000,113,Action
Rogue Elements: A Ryan Drake Story,4.7,979000,44,Action
Murder Company,3.7,1600,86,Action
Elyas,6.1,1400,105,Action
Justice League: Crisis on Infinite Earths - Part Two,5.5,5300,94,Action
Bougainvillea,6.4,3200,138,Action
200% Wolf,5.9,1300,98,Action
Savi,6.1,35000,126,Action
Handsome Guys,6.5,846000,101,Action
Lights Out,4.9,1800,90,Action
Rifle Club,7.0,4300,113,Action
Angels Fallen: Warriors of Peace,4.9,5800,103,Action
The Greatest of All Time,5.7,22000,183,Action
Alienoid: The Return to the Future,6.5,2600,122,Action
Sixty Minutes,5.7,5200,88,Action
City Hunter,6.3,5600,102,Action
Vanvaas,6.6,1400,160,Action
The Twisters,2.5,341000,86,Action
Panda Plan,5.1,1300,99,Action
Escape,6.4,2000,94,Action
Bloody Escape: Bats out of Hell,5.6,48000,100,Action
The Tiger's Apprentice,5.7,2200,84,Action
Arena Wars,4.8,2100,96,Action
Sorgavaasal,6.6,1400,138,Action
Golden Kamuy,6.3,2600,127,Action
Overlord: The Sacred Kingdom,6.9,991000,135,Action
Saripodhaa Sanivaaram,7.0,9100,166,Action
Agent Recon,2.4,677000,85,Action
All the Lost Ones,3.7,251000,106,Action
Heart of the Hunter,4.7,2200,105,Action
Freedom,5.9,1400,110,Action
Khadaan,7.1,2100,137,Action
Agni,7.2,15000,122,Action
Paradox Effect,6.0,8600,87,Action
Operation Blood Hunt,3.5,489000,93,Action
Wynonna Earp: Vengeance,5.6,1500,96,Action
Everybody Loves Jenifa,8.3,88000,135,Action
The Last Kumite,4.6,2300,105,Action
Hijack 1971,6.8,3300,100,Action
Bade Miyan Chote Miyan,3.7,39000,163,Action
Die Hart 2: Die Harter,4.3,5500,92,Action
Outlaw,5.2,935000,82,Action
Sheriff,6.9,1100,133,Action
Kahar: Kapla High Council,6.9,464000,102,Action
Kanguva,4.5,15000,152,Action
How to Rob a Bank,6.6,4200,88,Action
Bad Boyz,3.3,678000,150,Action
Guntur Kaaram,5.4,25000,159,Action
Yodha,5.7,8900,130,Action
A.R.M,7.1,8700,150,Action
Hellhound,4.3,507000,103,Action
Tales Beyond the Galaxy,4.7,182000,76,Action
Devil's Knight,5.2,896000,90,Action
72 Hours,4.1,288000,87,Action
Nice Girls,4.2,1200,92,Action
A Legend,4.7,912000,129,Action
Black Heat,8.5,119000,93,Action
Bonnie,7.3,37000,120,Action
Vettaiyan,7.0,39000,163,Action
The Hangman,3.3,1000,92,Action
Continental Split,3.6,546000,88,Action
Chandu Champion,7.8,34000,142,Action
Mahadev Ka Gorakhpur,7.6,389000,131,Action
Fight Another Day,4.9,357000,97,Action
Wanted Man,4.8,2600,85,Action
Ferry 2,5.6,3800,94,Action
Ryan's World the Movie: Titan Universe Adventure,1.8,692000,80,Action
12 to Midnight,3.6,284000,96,Action
The Last Front,5.5,612000,98,Action
Bagheera,6.7,7400,158,Action
The Lockdown,4.3,612000,117,Action
WWII: Operation Phoenix,6.2,77000,106,Action
Alien Country,4.4,364000,96,Action
Snow White and the Seven Samurai,3.2,298000,88,Action
War of the Worlds: Extinction,3.0,207000,84,Action
Raayan,6.5,11000,145,Action
The Firefighters,5.7,202000,106,Action
Thangalaan,6.6,6600,156,Action
Drive Back,4.7,356000,94,Action
Vedaa,6.0,4300,145,Action
Cells at Work!,6.7,241000,109,Action
Rats!,6.6,128000,85,Action
Jacob Tyler,4.3,59000,133,Action
Dirty Money,5.6,136000,100,Action
"Love, Courage and the Battle of Bushy Run",5.0,183000,113,Action
Bionic,4.3,1700,110,Action
Max,7.1,3400,132,Action
The Ballad of Davy Crockett,4.6,248000,96,Action
Mura,7.3,6300,129,Action
Auron Mein Kahan Dum Tha,6.5,41000,150,Action
Shark Warning,3.4,275000,94,Action
Terminator: Skynet Rising,6.7,268000,88,Action
Citizen of a Kind,6.7,827000,114,Action
Escape from the 21st Century,6.5,887000,98,Action
Art of Eight Limbs,4.0,316000,101,Action
Kingdom 4: Return of the Great General,7.1,1300,145,Action
Invasion,4.8,682000,91,Action
Get Fast,3.7,459000,88,Action
Eagle,5.9,4900,159,Action
Mission: Cross,6.1,2600,105,Action
Don't Mess with Grandma,6.0,154000,81,Action
GTMax,5.0,1200,100,Action
Bhaiyya Ji,4.8,7400,150,Action
School of Magical Animals 3,5.8,315000,105,Action
Naam,6.3,278000,136,Action
Virunnu,7.1,891000,125,Action
The Friendly,8.1,15000,101,Action
Yolo,6.9,3700,129,Action
Operation Undead,4.6,407000,110,Action
Stuntman,6.9,172000,114,Action
5 Pounds of Pressure,6.7,16000,111,Action
Roadkill,3.7,685000,90,Action
The Bouncer,4.1,92000,78,Action
Conquer: Lahad Datu,6.6,516000,120,Action
Cassino in Ischia,4.4,242000,113,Action
Martin,2.2,36000,147,Action
Big City Greens the Movie: Spacecation,6.2,543000,83,Action
Pimpinero: Blood and Oil,5.6,551000,121,Action
Tillu Square,6.6,3400,137,Action
The Last Ronin,4.9,577000,115,Action
Hunting with Tigers,5.6,537000,109,Action
Six jours,6.1,104000,95,Action
Snatched,4.9,210000,101,Action
Sons of Rizk 3,6.7,1700,125,Action
Warrior Awang and Master Tok Gajah,4.6,476000,118,Action
Nothing Even Matters,5.5,77000,90,Action
Taken from Rio Bravo,3.0,315000,80,Action
Crakk: Jeetega... Toh Jiyegaa,4.7,6500,154,Action
No Time to Spy: A Loud House Movie,6.4,450000,81,Action
American Underdog,8.7,24000,89,Action
Dharmarakshak Mahaveer Chhatrapati Sambhaji Maharaj,8.1,661000,174,Action
Ka Whawhai Tonu,7.3,179000,115,Action
Troubleshooters,6.5,418000,110,Action
I Heart Robots,4.6,2400,76,Action
The Charisma Killers,6.2,658000,101,Action
Yudhra,5.0,13000,142,Action
UI,6.8,5700,135,Action
Je Jatt Vigarh Gya,5.6,825000,132,Action
Spiders on a Plane,5.1,373000,78,Action
The Moon Thieves,6.1,254000,108,Action
Deaner '89,5.9,419000,90,Action
Barroz: Guardian of Treasures,3.5,1000,155,Action
Nu Huo 12 Xiao Shi,6.0,50000,86,Action
Non Negotiable,5.4,1200,87,Action
Big Rage,3.6,165000,115,Action
Customs Frontline,5.4,490000,115,Action
Agents,3.4,935000,82,Action
Sasan,8.7,73000,155,Action
Razakar: The Silent Genocide of Hyderabad,7.4,5300,166,Action
Tiger's Trigger,4.2,18000,84,Action
S.T.A.L.K.E.R.: Shadow of the Zone,5.1,471000,72,Action
Garudan,7.1,3300,133,Action
Mongol,8.6,95000,155,Action
Ghost Killer,7.0,76000,105,Action
Checkmate,4.3,390000,104,Action
Rajakili,6.7,588000,122,Action
Crisis Negotiators,6.7,717000,120,Action
Baby Assassins: Nice Days,7.3,306000,103,Action
Lady Scorpions,3.6,369000,101,Action
The Kingdom,7.9,91000,133,Action
Mirza: Part 1 - Joker,6.8,241000,165,Action
Love You to Debt,6.2,759000,135,Action
Mr. Bachchan,3.6,5300,150,Action
The Experts,6.1,280000,121,Action
Black Creek,7.3,9000,116,Action
Go for Broke,5.7,272000,115,Action
Babu,7.4,186000,142,Action
Eye for an Eye 2,6.6,506000,90,Action
Crosspoint,6.5,43000,100,Action
Ayalaan,6.0,4000,155,Action
Iron Fighter,3.6,64000,80,Action
The Day Everything Changed,8.0,80000,97,Action
Lal Salaam,4.5,1300,150,Action
Midas,4.7,340000,85,Action
Mobile Suit Gundam SEED Freedom,6.6,953000,124,Action
Paradise,6.9,78000,83,Action
Rendel: Cycle of Revenge,3.6,245000,99,Action
(Pri)sons,5.0,274000,100,Action
Breaking and Re-entering,5.8,445000,109,Action
The Plot,4.8,383000,100,Action
Baki Hanma VS Kengan Ashura,5.7,1900,62,Action
UmroAyyar - A New Beginning,6.9,675000,135,Action
Purushothamudu,5.2,2200,120,Action
Bidurbhai,9.2,380000,148,Action
Aserb: The Squadron,5.2,307000,120,Action
Sikaar,8.3,677000,150,Action
6 Hours Away,3.9,247000,93,Action
Kizumonogatari: Koyomi Vamp,7.0,90000,144,Action
Harom Hara,6.6,3000,154,Action
Gandhi 3,5.5,239000,143,Action
Yuva,5.8,838000,153,Action
Appudo Ippudo Eppudo,4.7,231000,120,Action
Hit List,5.5,313000,125,Action
Road Wars: Max Fury,2.0,350000,83,Action
Ruslaan,3.3,1200,120,Action
Malayalee from India,5.6,5000,160,Action
Fighting the Fire,8.5,1700,115,Action
Bangkok Breaking: Heaven and Hell,5.8,669000,146,Action
Star Abyss,3.8,248000,86,Action
Siren,6.4,2900,154,Action
Sabari,6.5,5400,129,Action
They Call Her Death,6.8,28000,92,Action
Bachhala Malli,8.3,3900,140,Action
Correr para Vivir,7.0,197000,97,Action
The Heist,6.9,2000,120,Action
Anunnakiler,2.5,452000,76,Action
First Nights at Freddy's,9.3,16000,98,Action
Hunt the Wicked,5.3,113000,102,Action
Malaikottai Vaaliban,6.0,4100,156,Action
Bureau 749,4.0,533000,123,Action
Double Ismart,2.9,2100,156,Action
Samandar,7.7,140000,172,Action
Operation Valentine,5.3,1400,133,Action
The Traveller,5.2,208000,134,Action
Alangu,8.1,1200,131,Action
The Actor,3.4,733000,128,Action
Drive,5.6,333000,90,Action
Kondal,5.4,775000,147,Action
Clownface 3,9.0,36000,104,Action
My Fathers' Daughter,6.7,74000,78,Action
The Lost Tiger,7.9,45000,90,Action
Bohurupi,8.3,1400,155,Action
The Epidemic,5.7,72000,95,Action
The Unbreakable Bunch,7.2,26000,0,Action
12 Gaun,6.3,884000,147,Action
Fyre Rises,6.5,322000,110,Action
Bhaje Vaayu Vegam,6.1,555000,136,Action
Shark Island,3.2,115000,81,Action
Buddy,3.8,346000,137,Action
Die Chaosschwestern und Pinguin Paul,5.7,68000,100,Action
Memes & Nightmares,5.7,86000,81,Action
Zebra,7.2,3200,164,Action
Camp Blood: Clown Shark,3.3,87000,70,Action
Jorge da Capadócia,6.4,132000,119,Action
Nintama Rantaro Dokutake Ninja-tai Saikyou no Gunshi,6.9,21000,90,Action
Turbo,5.9,3600,155,Action
Captain Miller,6.5,8600,157,Action
Where Is Gilgamesh?,9.0,607000,90,Action
Mazhai Pidikatha Manithan,4.5,424000,133,Action
Game On,5.3,2300,140,Action
Hitler,5.2,305000,128,Action
Por,5.1,615000,154,Action
Prepare to Die,4.6,236000,93,Action
Red vs. Blue: Restoration,5.6,137000,85,Action
Tòkunbò,3.9,296000,113,Action
Sucha Soorma,6.4,918000,136,Action
Mummy Shark,2.0,178000,66,Action
Buying Time,6.2,434000,84,Action
Ship of the Damned,2.8,298000,88,Action
Bull Shark 2,2.9,162000,75,Action
Ghosts of Red Ridge,3.3,158000,81,Action
Taklee Genesis x Worlds Collide,5.4,410000,146,Action
Bastar: The Naxal Story,6.4,3300,124,Action
The Mick and the Trick,4.9,76000,96,Action
Mission: Chapter 1,5.9,1700,144,Action
Ameena,6.4,19000,107,Action
Spirit Riser,6.7,33000,98,Action
Touchdown,6.8,14000,78,Action
Speed 220,6.8,1000,114,Action
Echo 8,3.9,199000,96,Action
The Desperate Chase,5.5,60000,110,Action
The Omicron Killer,2.9,596000,98,Action
Sayen: The Huntress,4.4,255000,88,Action
Agastya - Chapter 1,6.9,597000,168,Action
Matka,4.7,585000,156,Action
Gangs of Godavari,5.0,909000,165,Action
Ame no naka no yokujô,5.9,75000,132,Action
Losing Lerato 2,9.1,34000,96,Action
Kung Fu Games,3.3,381000,98,Action
Diabel,5.1,250000,108,Action
Shu Si Yi Bo,6.7,33000,91,Action
Guy Manley: Super Spy,4.4,117000,92,Action
Ballistic,2.2,161000,95,Action
The Circuit 4: Faith Fighter,4.3,89000,90,Action
I Am What I Am 2,7.5,206000,134,Action
DNA,5.1,210000,156,Action
The Last Chainsaw Massacre,3.7,42000,75,Action
Vixen,5.4,165000,88,Action
Young Lion of the West,5.2,108000,93,Action
Sunfall,2.3,37000,74,Action
Onsen shâku,5.9,32000,70,Action
Panjab Files,8.2,20000,117,Action
Mathu Vadalara 2,7.0,1700,139,Action
Clone Cops,6.3,205000,96,Action
Saindhav,5.1,1600,138,Action
Blade of Fury,6.1,125000,90,Action
Jathara,7.8,1100,129,Action
How to Make a Werewolf,5.9,139000,0,Action
Mutant,4.5,59000,90,Action
High Forces,5.7,530000,119,Action
Bonus Trip,4.6,227000,113,Action
Formed Police Unit,4.6,479000,120,Action
Sous écrous,5.4,46000,111,Action
Tokusou Sentai Dekaranger 20th: Fireball Booster,7.0,33000,50,Action
The Infallibles,4.8,754000,99,Action
Dange,5.3,794000,154,Action
Transformers Prime: Galavatron's Revenge,3.4,10000,104,Action
Raju Gari Ammayi Naidu Gari Abbayi,8.2,3100,158,Action
Kill Craft,2.4,365000,99,Action
24 Hours to D-Day,4.8,37000,83,Action
Rebel,3.1,65000,100,Action
Thundu,5.0,906000,125,Action
The Grey Men,6.4,71000,97,Action
Marni: The Story of Wewe Gombel,5.8,214000,119,Action
The Wild Blade of Strangers,6.2,113000,102,Action
Oru Anveshanathinte Thudakkam,7.1,830000,181,Action
Black Storm,6.7,65000,97,Action
Dragon Ball Z Kai,8.5,71000,82,Action
Bhairadevi,8.7,49000,134,Action
The Miranda Brothers,4.4,190000,99,Action
Ape X Mecha Ape: New World Order,2.8,135000,87,Action
Jithender Reddy,7.5,2400,136,Action
Kali,5.1,418000,96,Action
Shekko,6.0,564000,120,Action
In Tenebras: Into the Darkness,3.3,174000,90,Action
Indrani: Epic-1 Dharam vs Karam,7.6,1100,157,Action
Dreams,7.6,8000,106,Action
Karma,4.1,19000,111,Action
Sector 17,5.5,1300,146,Action
Gam Gam Ganesha,5.3,310000,140,Action
Serra das Almas,5.4,14000,120,Action
Devaki Nandana Vasudeva,6.5,2700,128,Action
Desperado,5.9,144000,100,Action
Athhoi,8.0,134000,158,Action
Kadakan,4.0,113000,128,Action
Gold Raiders,2.0,183000,88,Action
Soodhu Kavvum 2: Naatum Naatu Makkalum,3.7,202000,129,Action
Bandaa Singh Chaudhary,6.2,5200,113,Action
Texas Twister,2.5,158000,88,Action
Captain Avispa,5.8,177000,96,Action
Kamen Rider 555 20th: Paradise Regained,5.9,142000,65,Action
Death Game,6.3,24000,88,Action
Honeko Akabane's Bodyguards,5.9,41000,117,Action
Saint Young Men: Holy Men vs Demon Army,3.0,14000,93,Action
Bond of Justice: Kizuna Part I - Encounter,6.2,18000,92,Action
Hell City,9.1,27000,90,Action
Next to Us,4.8,225000,125,Action
The Vampire and the Vigilante,3.6,51000,75,Action
Rang De Basanti,8.8,145000,174,Action
Polar,4.4,29000,76,Action
Love You as the World Ends Final,6.3,38000,115,Action
The Alexandrian,3.8,254000,104,Action
Shadows of Betrayal: Chronicles of Ian Blair,7.3,12000,65,Action
Hiranya,5.6,20000,138,Action
London Gangsters,4.3,11000,104,Action
SCP: The Infinite Mission,6.0,32000,0,Action
Too Little Too Late,5.5,8000,66,Action
Lisabi: The Uprising,6.1,125000,107,Action
Uninvited,6.5,77000,93,Action
Türkler Çildirmis Olmali 2: Mavi Vatan,2.2,158000,100,Action
Fuuto PI: Portrait of Kamen Rider Skull,7.5,42000,82,Action
Dark Fusion,8.5,236000,90,Action
Neon Fear,5.8,554000,40,Action
Reloaded 2,7.7,1100,45,Action
The Evil Three,6.6,995000,30,Action
Sumaho o otoshita dake na no ni: Saishusho Final Hacking Game,6.9,22000,116,Action
Hrashwo Deergha,8.0,82000,150,Action
The Slave and the Sorcerer,6.7,40000,86,Action
Revenge,1.7,42000,127,Action
Gone with the Dead,4.4,47000,96,Action
Anchakkallakokkan,6.6,1000,126,Action
Megdan: Between Water and Fire,5.4,724000,106,Action
Chasing Raine,2.3,187000,101,Action
Pottel,8.2,2700,148,Action
Marine Drive,9.5,50000,105,Action
Exorcism Chronicles: The Beginning,7.1,99000,85,Action
Weapon,5.4,5500,120,Action
Tariq,6.2,18000,122,Action
Sentimentaaal,5.3,977000,135,Action
What Happens in Miami,4.3,220000,90,Action
Mechanic Rocky,6.5,3400,156,Action
Dünya Mali: Eksi Bir,7.2,17000,133,Action
Saala,5.7,1100,130,Action
Viswam,4.2,646000,155,Action
Deadzone,4.1,35000,80,Action
Stranded Pearl,6.0,27000,90,Action
Bhimaa,5.1,1200,141,Action
Bloodline,9.2,49000,80,Action
Pranaya Godari,7.8,2400,148,Action
Witch Hunter,5.3,24000,80,Action
Sacrum Vindictae II,4.5,13000,114,Action
Permafrost,5.7,115000,80,Action
South Side Hero,5.4,36000,92,Action
Yakuza Girl,2.3,66000,82,Action
Genis Aile 4: Cevahir & Ulvi,7.0,54000,90,Action
Lie Zhan,6.9,66000,93,Action
Gravediggers,6.4,29000,91,Action
Brattt,4.7,67000,117,Action
Second Life,6.7,49000,105,Action
Komandir,6.4,523000,131,Action
Spider-Man: Final Swing,8.4,10000,153,Action
Purushothamudu,7.4,13000,120,Action
Major Grom: The Game,6.1,1900,168,Action
The Captives,3.5,66000,73,Action
Kuang Bao Ju Xi,6.0,71000,75,Action
Wonderful Precure! The Movie! Doki Doki Game no Sekai de Daiboken,7.0,35000,71,Action
Kamen Rider Gotchard: The Future Daybreak,7.9,71000,63,Action
Cholo Zombies,4.6,103000,96,Action
Average Student Nani,7.5,2200,138,Action
Rob N Roll,6.1,1500,98,Action
Usha Parinayam,9.0,2100,144,Action
Itutumba ka ng tatay ko,5.3,31000,109,Action
Rathnam,5.4,3700,155,Action
Emanet,7.9,31000,97,Action
Bheema,5.8,954000,148,Action
Petta Rap,3.8,1700,123,Action
Pariah Volume 1: Every Street Dog Has a Name,6.9,388000,138,Action
Dark World,4.9,15000,135,Action
The Burden of Nine Lives,4.7,101000,116,Action
Pushpaka Vimanam,5.6,16000,137,Action
The Worlds Divide,8.1,39000,120,Action
Mega Twister,2.5,52000,75,Action
Dhaaak,8.6,24000,128,Action
Zénithal,5.5,84000,80,Action
"Bullets, Brothers and Blood",7.8,15000,85,Action
September Babies,5.8,289000,94,Action
Death Bitch,7.2,20000,88,Action
The Yoshi Movie,7.7,12000,105,Action
Angel of the Warrior,8.5,134000,90,Action
Kamen Rider Geats: Jyamato Awaking,7.9,75000,54,Action
Aho Vikramaarka,7.4,54000,136,Action
Villain - Life of a Gangster,8.9,157000,141,Action
Warning 2,7.1,887000,125,Action
Holy Punch,5.2,48000,98,Action
Iddaru,8.8,297000,148,Action
Ultraman Blazar the Movie: Tokyo Kaiju Showdown,7.5,86000,75,Action
The Escapee 3: The Final Escape,2.6,64000,83,Action
Pungut,6.9,12000,100,Action
Hain,2.9,45000,95,Action
Rode College,6.6,429000,168,Action
Roxana,3.8,66000,98,Action
Neo-Dome,6.7,17000,15,Action
Artist Unknown,8.7,17000,82,Action
Naa Saami Ranga,4.5,1200,150,Action
GATAO: Like Father Like Son,6.8,70000,100,Action
Special Needs Revolt!,9.0,6000,113,Action
Inanimate Insanity II: The Movie,8.4,232000,106,Action
Rocky and Bullwinkle,9.2,13000,100,Action
Crypto Storm,4.8,34000,101,Action
Raktaksha,8.0,1400,118,Action
Raanti,6.6,1100,115,Action
Election,5.8,803000,120,Action
Chaari 111,4.8,258000,130,Action
Hakkenden,5.8,76000,149,Action
Dr. Jason II - Lights & Shadows,4.9,329000,62,Action
Played,6.2,11000,96,Action
Naag Bhoomi,5.7,8000,130,Action
Thankamani,4.6,229000,156,Action
Breaking Tradition,6.9,26000,87,Action
Thiragabadara Saami,6.4,96000,115,Action
Abudeka Is Back,5.3,35000,120,Action
Abnormal: Buas,5.6,26000,90,Action
Krishnamma,6.2,366000,138,Action
"Silex and the City, le film",4.9,50000,77,Action
Slide or Die the Movie,9.2,8000,127,Action
Appu,8.6,182000,92,Action
Hide and Seek,8.0,55000,130,Action
Killer Ex,3.9,52000,94,Action
Nenu Keerthana,8.9,2100,155,Action
Haraa,5.3,2900,136,Action
Mother Mafia,3.2,51000,80,Action
Shri Swapankumarer Badami Hyenar Kobole,5.6,324000,146,Action
Anthima Theerpu,7.0,1500,133,Action
Charlotte Link - Ohne Schuld,5.5,41000,89,Action
Sarangadhariya,8.4,3100,150,Action
Blocking the Horse,5.8,14000,94,Action
Nothing Unusual,9.7,12000,92,Action
The Mystery of Humanoid Puppet,6.7,61000,88,Action
Mobile Suit Gundam: Silver Phantom,6.1,13000,90,Action
Nasha Jurm Aur Gangsters,6.6,2600,137,Action
The SML YTP Movie 2: Dimension Trouble,8.3,13000,94,Action
Happy Dragons,4.9,9000,97,Action
Surge of Power: Where There's Smoke,6.5,13000,68,Action
Joshua: Imai Pol Kaka,4.5,585000,130,Action
Ajay Gadu,6.9,1000,108,Action
Di Renjie: Tongtian xuan an,7.2,16000,85,Action
Rock 'n' Roll Ringo,6.3,54000,101,Action
Reeza GTR,7.4,14000,91,Action
Snowstorm,4.5,6000,91,Action
Cândido,6.3,61000,99,Action
Chhota Bheem and the Curse of Damyaan,4.8,2300,145,Action
Fights Break Sphere 3,4.7,8000,81,Action
Supplier Shankara,9.3,71000,163,Action
Shockwaves 2,2.8,148000,79,Action
Wilhelm Gustloff,8.7,8000,110,Action
Chinatown Chacha,5.1,56000,103,Action
Surrender,7.8,15000,149,Action
Bullet,9.0,569000,131,Action
E-mail,5.4,805000,119,Action
Kill the Children first,7.8,26000,106,Action
Inkabi,4.7,79000,101,Action
Joy Hanu Man,8.9,25000,143,Action
The Bodyguard,6.6,30000,87,Action
Bloodlust,8.2,11000,97,Action
Lorry Chapter-1,5.7,2400,183,Action
Joachim and the Apocalypse,7.2,13000,90,Action
Operation Star,7.7,24000,102,Action
El Duro,5.1,15000,90,Action
Mercy Killing,8.7,2700,131,Action
Dangerous Boys 2,5.1,9000,115,Action
Be Forever Yamato: Rebel 3199: Part 1: Dark Invasion,7.0,9000,50,Action
Operation Wakaliga: Fate and Blood,6.7,11000,66,Action
Zoloto Umalty,4.9,109000,109,Action
Yao Shen Ling,6.7,66000,93,Action
Ugravatara,7.9,552000,122,Action
Hope & Glory,6.6,145000,44,Action
Kiyma: Orman Kanunlari,4.5,36000,81,Action
Jigar,7.1,18000,122,Action
Jurassic Exorcist,3.8,23000,76,Action
The Dragon's Tomb,6.8,52000,77,Action
Codename: Devil,5.4,5000,104,Action
Zhi Bao,5.7,17000,100,Action
Halloween: Mal Eterno,8.2,225000,50,Action
Kreem,6.8,128000,115,Action
Opportunity,8.9,91000,96,Action
Kohinoor,8.1,22000,119,Action
Framed,4.9,69000,0,Action
Vey Dharuvey,6.4,2300,127,Action
Mirg,6.1,36000,83,Action
The Very Last Christmas,8.5,12000,75,Action
Sith Wars: Episódio III - Fantasmas Dos Sith,8.6,115000,99,Action
Inherited,9.5,21000,76,Action
The Drunken Prodigy,5.7,16000,107,Action
The Delegator,4.2,17000,96,Action
Skhvatka,5.2,23000,107,Action
Inexternal,3.2,19000,83,Action
The Journey of Flower,3.9,26000,97,Action
The Correct Way of Youth,9.3,782000,90,Action
Achilles Curse and the Curse of Treasure,7.4,25000,125,Action
Hocus Focus,7.9,19000,85,Action
Dhil Raja,8.6,131000,106,Action
Raja 420,6.1,21000,81,Action
The Bottom Line,6.5,12000,107,Action
Ohsama Sentai King-Ohger vs. Donbrothers,6.8,37000,26,Action
Combat Code: Hunt,7.4,17000,76,Action
Big Brother,8.5,2000,115,Action
Kaveri,6.5,1500,101,Action
Common Creed: Trafficking,6.7,8000,106,Action
Give Me Babies,6.7,6000,23,Action
Agent 86,6.7,6000,87,Action
Gull Lake Vice II: The Delusion Continues,8.2,16000,58,Action
Usire Usire,7.5,1100,151,Action
Janna Endoro,8.1,15000,120,Action
Dead Hand,4.1,75000,92,Action
Firework,6.2,13000,60,Action
Day of the Diesels,7.7,10000,100,Action
Kaale Angrej,5.5,17000,131,Action
Break War,2.4,15000,86,Action
Klaantha,6.2,518000,107,Action
Mavr,7.5,6000,83,Action
Premalo,7.3,1100,128,Action
Dheera,7.9,1300,123,Action
Mr. Natwarlal,6.4,779000,130,Action
Me and the Dragon's Daughter,5.2,10000,75,Action
Heavens: The Boy and His Robot,6.3,22000,98,Action
Max Beyond,6.6,17000,93,Action
Gally Gang Stars,9.0,2000,157,Action
Rudra: The Beginning,9.4,38000,135,Action
Seetha Kalyana Vaibhogame,8.6,2000,146,Action
Rooban,6.5,276000,125,Action
Sathyam,7.3,8000,134,Action
Vorovka,4.8,51000,90,Action
Death Game,5.2,14000,87,Action
Kade,6.7,16000,92,Action
Atu Nuvve Itu Nuvve,6.5,12000,123,Action
Lolipop Gang,3.6,6000,90,Action
Useful Idiots,8.3,19000,92,Action
The Deal,8.5,26000,130,Action
Re Xue Ran Shao,4.2,18000,113,Action
Opasni shmatki,5.2,31000,92,Action
Vi possiamo salvare,2.7,103000,89,Action
Seven Heroes Beat the Monster,6.8,51000,89,Action
Jiwa 8 Belas,5.0,19000,86,Action
Gintama the Movie 2D: Courtesan of the Nation Arc,7.8,6000,109,Action
Riddle of the Shadow Lotus,6.3,53000,92,Action
AK47,7.2,14000,146,Action
Battling to Survive,7.0,53000,74,Action
Guxim,7.7,34000,75,Action
Leha,2.3,42000,98,Action
Guns Blazin,7.1,9000,88,Action
The ShortCut,7.7,1800,138,Action
SMB-plush presents trick or death,8.8,16000,120,Action
La Tamalera,8.2,9000,115,Action
Roudhra Rupaya,7.6,2000,132,Action
Dirty Fellow,6.8,3800,119,Action
Dheera Bhagat Roy,8.6,1100,150,Action
Tranquility: Ghost Stories,7.6,53000,88,Action
Blood Vendetta,7.7,237000,90,Action
The Winter Prophecy,7.9,13000,52,Action
Three Old Captors,7.0,50000,94,Action
Oversteer,5.2,19000,86,Action
A Reel Heist,5.2,58000,116,Action
StarGazer: The Need of the Many,5.0,9000,47,Action
No Man Standing,8.6,11000,93,Action
Kallu Compound 1995,8.0,2000,140,Action
Yentha Panichesav Chanti,9.5,85000,135,Action
Urban Vengeance,4.8,12000,79,Action
Travesty,6.4,5000,78,Action
Kyle and the Last Emerald 2,8.4,7000,15,Action
Krapiva: Tsvetok smerti,6.1,56000,81,Action
Best Cop Ever,4.3,49000,122,Action
Daanvi,1.7,7000,117,Action
The Mirage,8.9,10000,106,Action
War with the Evil,6.3,52000,85,Action
Passazhiry,4.5,32000,80,Action
The Domino File,4.7,7000,102,Action
Cholay,8.6,56000,60,Action
Isle: Alpha One,8.4,7000,97,Action
Out of the Shadow,6.5,6000,89,Action
"La Protegida, La Película",9.3,16000,67,Action
Pithala Maathi,7.6,843000,140,Action
Bad Ass Sista,6.9,8000,80,Action
PW V: Tears of the Fallen,8.2,11000,60,Action
Full Clip for a Snitch,3.9,18000,75,Action
S-99,8.7,2100,119,Action
El Junior Del Patron,7.4,10000,92,Action
Xiao zi,3.5,12000,101,Action
Drunken Swordsman,6.7,50000,91,Action
Sehnsucht nach Firdaws,8.5,6000,103,Action
Los Hijos De Camelia y Emilio,6.4,28000,82,Action
Sesh Bazi,6.2,10000,132,Action
The End of Hen,9.8,10000,67,Action
Po du xing dong,6.8,5000,79,Action
Speed Fight,6.8,52000,87,Action
The Overseas Killer,6.4,52000,104,Action
The Kills,8.8,9000,70,Action
Jimmy's Friends,7.0,11000,94,Action
El Cartel De Teresa,8.0,9000,96,Action
The Vent,8.9,14000,3,Action
Kyle and the Last Emerald,5.5,18000,20,Action
Captain Superb and the Angel of Destiny,3.3,14000,120,Action
Faster: Only one lap,7.1,23000,90,Action
Mahserin Üç Delisi,5.9,16000,78,Action
Lealtad o Morir,8.2,9000,87,Action
Siete Vidas - El Levanton,9.6,5000,45,Action
Las Hermanas Del Cartel,8.2,5000,91,Action
Piri Reis: The Incredible Chart,6.9,22000,138,Action
Duelo De Capos,6.3,28000,83,Action
Luna de Hiel,5.8,20000,83,Action
Bring Back the Colour,6.4,8000,47,Action
Spider-Man: Dimension Rift,8.4,13000,127,Action
Zen Fist,7.2,8000,45,Action
Killer Lee,1.9,9000,87,Action
Mandya Haida,6.2,230000,139,Action
Anger,8.8,18000,83,Action
Gadha17,8.0,11000,90,Action
Runnin' from Wolves,7.2,10000,133,Action
Bush Knife,7.0,7000,90,Action
Whispers of the Imperial City,6.8,53000,90,Action
Jefa De Jefas,8.2,9000,82,Action
Challengers,7.0,155000,131,Sport
Queen of the Ring,6.9,941000,140,Sport
Under Paris,5.2,36000,104,Sport
Arthur the King,7.0,34000,107,Sport
Unstoppable,6.8,4100,116,Sport
Young Woman and the Sea,7.5,17000,129,Sport
The Fire Inside,6.7,2600,109,Sport
You Gotta Believe,5.8,1300,104,Sport
Rez Ball,6.3,2500,111,Sport
Sweet Dreams,5.4,1400,95,Sport
The Beautiful Game,6.3,8100,125,Sport
El Jockey,6.4,1700,96,Sport
Race for Glory: Audi vs. Lancia,5.8,4700,109,Sport
The Underdoggs,5.6,4600,96,Sport
Uranus 2324,6.4,4800,130,Sport
Sixty Minutes,5.7,5200,88,Sport
Haikyu!! The Dumpster Battle,7.7,6200,85,Sport
Blue Lock: Episode Nagi,6.6,2500,91,Sport
Chandu Champion,7.8,34000,142,Sport
Lubber Pandhu,8.1,6000,146,Sport
Maidaan,7.9,23000,181,Sport
El Hareefa,6.9,1000,117,Sport
Bionic,4.3,1700,110,Sport
Little Wing,6.1,939000,100,Sport
Boxer,6.4,1300,150,Sport
Balestra,5.1,529000,145,Sport
My Sunshine,7.1,1400,100,Sport
Havnaa,7.2,245000,110,Sport
Yolo,6.9,3700,129,Sport
Vijay 69,6.1,1200,112,Sport
Color of Victory,6.1,40000,157,Sport
Crakk: Jeetega... Toh Jiyegaa,4.7,6500,154,Sport
The Final: Attack on Wembley,6.3,2500,82,Sport
Federer: Twelve Final Days,7.3,4100,88,Sport
Giannis: The Marvelous Journey,8.3,1700,109,Sport
El Harifa 2: El Remontada,6.5,392000,130,Sport
The Champion,5.5,886000,106,Sport
Cup,8.5,69000,146,Sport
Gundi: Legend of Love,9.0,5500,166,Sport
Ski,7.7,64000,95,Sport
Free Falling,5.2,293000,89,Sport
Lal Salaam,4.5,1300,150,Sport
Baki Hanma VS Kengan Ashura,5.7,1900,62,Sport
My Annoying Brother,7.5,235000,114,Sport
The Swedish Torpedo,6.4,143000,120,Sport
Nayab,7.4,268000,153,Sport
Mr. & Mrs. Mahi,5.9,16000,139,Sport
Samia,6.8,137000,102,Sport
Pegasus 2,6.9,1300,121,Sport
Memes & Nightmares,5.7,86000,81,Sport
Sunshine,7.3,48000,91,Sport
Pierce,6.5,134000,109,Sport
Topuria Matador,7.2,166000,95,Sport
EFC,7.8,1200,87,Sport
Hayatla Baris,6.3,372000,125,Sport
Undisputed,6.8,102000,64,Sport
4 Zéros,3.6,142000,105,Sport
Las super estrellas de la lucha libre,8.6,49000,98,Sport
Keluar Main 1994,7.9,52000,112,Sport
Giroud,6.1,17000,80,Sport
Friendly Fire,5.7,37000,105,Sport
The Miranda Brothers,4.4,190000,99,Sport
Nasty,7.8,1100,103,Sport
Uma Musume: Pretty Derby - Beginning of a New Era,7.3,121000,108,Sport
Fuchsia Libre,4.9,58000,112,Sport
Minor Leaguer,5.2,87000,77,Sport
Diving Into the Darkness,9.1,83000,96,Sport
Puffing Iron,7.9,19000,98,Sport
Untold: The Murder of Air McNair,5.6,2100,57,Sport
Kulej. Dwie strony medalu,6.4,316000,148,Sport
Megdan: Between Water and Fire,5.4,724000,106,Sport
GG (Good Game),5.7,79000,100,Sport
Harimau Malaya: The Untold Journey,8.2,22000,125,Sport
Challenger,5.6,171000,95,Sport
It's All Over: The Kiss That Changed Spanish Football,6.9,629000,95,Sport
Wingless,7.8,94000,110,Sport
V de Victor,5.2,75000,100,Sport
Runaway Wrestler,7.9,15000,105,Sport
Blue Star,6.9,1500,166,Sport
Champions of the Golden Valley,9.2,64000,81,Sport
Gold,7.8,67000,126,Sport
Ice Aged,6.5,6000,110,Sport
Lyod 3,6.0,303000,134,Sport
Unbreakable: England 2003,8.2,35000,66,Sport
Game Changers,4.7,221000,78,Sport
Padu,5.1,80000,97,Sport
A Horse Named Winx,8.7,98000,117,Sport
See Her Be Her,7.2,24000,110,Sport
Knockout Blonde: The Kellie Maloney Story,5.9,21000,90,Sport
Parviz Khan,6.0,207000,110,Sport
Final Heat,3.8,214000,83,Sport
Numéro 10,5.4,51000,91,Sport
I am Al Ittihad,4.9,228000,90,Sport
Dabaru,8.9,648000,131,Sport
Rafa Márquez: El Capitán,6.6,192000,82,Sport
Fedya. Narodnyy futbolist,6.0,123000,125,Sport
Together: 4-in-a-Row,6.2,63000,92,Sport
The Netflix Slam,7.1,142000,150,Sport
In Inima Nationalei,7.8,199000,103,Sport
The Unbreakable Tatiana Suarez,6.6,171000,78,Sport
Anytime,8.9,20000,62,Sport
Eclipse,9.4,83000,79,Sport
Chong · Zhuang,7.2,17000,124,Sport
Daley,7.8,180000,102,Sport
La valanga azzurra,7.6,10000,90,Sport
Below the Rim,5.0,16000,89,Sport
Ice Cross: Life on the Edge,9.1,13000,90,Sport
V potoke trekh stikhiy,5.2,42000,85,Sport
Ping pang nan hai,7.3,17000,108,Sport
"Hai, Romania!",8.1,421000,98,Sport
A Game of Two Halves,7.3,24000,100,Sport
The Spoils: Selling the Future of American Basketball,6.0,6000,87,Sport
DitO,3.2,13000,117,Sport
Tracing the Divide,8.8,170000,84,Sport
Nos Amours: The Saga of the Montreal Expos,6.2,23000,92,Sport
Gabru Gang,8.7,214000,123,Sport
Quest for the Shield,9.2,12000,112,Sport
Linford,7.3,147000,89,Sport
Take the Steps,8.3,74000,83,Sport
All American,9.6,18000,87,Sport
Graciano Rocchigiani - Das Herz eines Boxers,9.2,51000,123,Sport
UFC 299: O'Malley vs. Vera 2,7.4,80000,180,Sport
Trailblazers,6.8,17000,38,Sport
The Next Centimeter,7.5,35000,26,Sport
Battle of the Baddest,6.1,94000,61,Sport
"Surf on, Europe!",7.8,22000,92,Sport
Golpe a Golpe (Blow by Blow),8.1,23000,90,Sport
UFC 303: Pereira vs. Prochazka 2,6.4,69000,195,Sport
Welcome Back,7.4,5000,119,Sport
UFC 302: Makhachev vs. Poirier,6.7,91000,180,Sport
Faster: Only one lap,7.1,23000,90,Sport
Gyakorlat teszi a mestert,6.1,15000,46,Sport
Hatching Eagles,6.9,23000,63,Sport
UFC 304: Edwards vs. Muhammad 2,6.0,71000,200,Sport
Khapsyhyy,5.5,7000,90,Sport
Triumf,7.3,9000,113,Sport
UFC 297: Strickland vs. du Plessis,6.4,61000,180,Sport
Veljko od mora,7.2,16000,53,Sport
Episodes: Ukraine at the World Cup (2024),8.2,69000,79,Sport
Quote 10.35,8.0,24000,35,Sport
Zlatan Ibrahimovic hyllningsmatch (Sweden vs Serbia),6.6,6000,170,Sport
¡Qué suerte hemos tenido!,7.5,16000,62,Sport
Is University Really Worth It?,5.2,12000,60,Sport
87 Candles,8.9,9000,55,Sport
The Order,6.8,43000,116,Crime
The Beekeeper,6.3,157000,105,Crime
Trap,5.8,137000,105,Crime
Longlegs,6.6,185000,101,Crime
Juror #2,7.0,98000,114,Crime
Freaky Tales,7.2,1200,107,Crime
Carry-On,6.5,165000,119,Crime
The Crow,4.7,35000,111,Crime
Despicable Me 4,6.2,65000,94,Crime
Wolfs,6.5,83000,108,Crime
Greedy People,6.2,12000,112,Crime
MaXXXine,6.2,70000,103,Crime
Rebel Ridge,6.8,88000,131,Crime
Dead Mail,6.0,874000,106,Crime
Pushpa: The Rule - Part 2,6.1,56000,201,Crime
Emilia Pérez,5.4,88000,132,Crime
The Girl with the Needle,7.5,14000,123,Crime
Lucky Baskhar,8.0,32000,148,Crime
Absolution,5.2,8100,112,Crime
Bad Boys: Ride or Die,6.5,100000,115,Crime
Love Lies Bleeding,6.6,57000,104,Crime
Riff Raff,5.7,3000,103,Crime
Lake George,6.4,1200,118,Crime
Monkey Man,6.8,92000,121,Crime
The Instigators,6.2,38000,101,Crime
The Seed of the Sacred Fig,7.6,13000,167,Crime
Beverly Hills Cop: Axel F,6.4,81000,118,Crime
Lift,5.5,49000,107,Crime
Maharaja,8.4,67000,141,Crime
Sleeping Dogs,6.2,22000,110,Crime
Santosh,7.1,2000,128,Crime
Jafaican,5.5,8000,101,Crime
Toofan,7.4,8100,145,Crime
Marco,6.8,21000,145,Crime
The Thicket,5.8,3100,108,Crime
Trigger Warning,4.6,19000,106,Crime
Armor,3.6,4000,89,Crime
Long Gone Heroes,5.2,1100,101,Crime
Trouble,6.2,6900,98,Crime
Beating Hearts,7.0,4700,166,Crime
Killer Heat,5.6,13000,95,Crime
Twilight of the Warriors: Walled In,7.0,9500,126,Crime
Brothers,5.4,13000,89,Crime
The Shadow Strays,6.5,9200,144,Crime
Duchess,4.6,1400,114,Crime
The Silent Hour,6.1,7500,99,Crime
Colors of Evil: Red,6.4,8500,111,Crime
Blackwater Lane,4.6,1900,108,Crime
Force of Nature: The Dry 2,5.8,7100,120,Crime
Misericordia,6.9,2100,104,Crime
Do Patti,6.4,69000,126,Crime
Hitpig,5.1,942000,86,Crime
Dead Sea,5.2,5300,88,Crime
Harbin,6.2,651000,108,Crime
Boneyard,4.1,5000,96,Crime
Damaged,4.7,7300,97,Crime
My Fault,4.2,7000,120,Crime
Bangkok Dog,4.7,201000,85,Crime
Megamind vs. The Doom Syndicate,2.5,5600,83,Crime
The Unholy Trinity,7.9,53000,93,Crime
The Calendar Killer,5.4,4200,97,Crime
5lbs of Pressure,5.2,1600,111,Crime
Detained,4.9,1500,97,Crime
The Trainer,7.1,55000,95,Crime
Sector 36,7.1,25000,123,Crime
Justice,6.3,3900,113,Crime
Baby John,5.2,17000,159,Crime
The Courier,6.0,4400,101,Crime
Viduthalai Part 2,7.9,16000,170,Crime
The Thundermans Return,5.0,1800,70,Crime
Revolver,5.4,868000,114,Crime
Singham Again,4.7,75000,144,Crime
Thalavan,7.2,4700,131,Crime
The Roundup: Punishment,6.6,5300,109,Crime
Sikandar Ka Muqaddar,6.0,24000,142,Crime
Darkness of Man,4.8,3200,109,Crime
Jönssonligan kommer tillbaka,5.9,1400,104,Crime
The Quiet Ones,6.3,692000,110,Crime
"I, the Executioner",6.3,1700,118,Crime
Jigra,6.0,24000,153,Crime
Badland Hunters,5.9,12000,107,Crime
Depravity,4.3,997000,117,Crime
Reputation,9.3,9000,83,Crime
Inside,7.0,238000,104,Crime
Code 8: Part II,5.7,16000,100,Crime
Golam,7.2,5700,120,Crime
The Clean Up Crew,4.1,1200,95,Crime
Strictly Confidential,2.8,854000,94,Crime
Officer Black Belt,6.8,8300,108,Crime
Maharaj,6.5,15000,131,Crime
The Kingdom,6.9,780000,112,Crime
Døde menn går på ski,5.2,300000,89,Crime
Marmalade,6.3,3600,99,Crime
Drugstore June,5.4,1700,91,Crime
El Jockey,6.4,1700,96,Crime
Pani,6.9,3000,143,Crime
Maldoror,7.0,629000,155,Crime
Midnight Taxi,5.5,82000,97,Crime
The Soul Eater,5.9,2600,108,Crime
Bogota: City of the Lost,5.4,1900,108,Crime
Ride,5.9,394000,114,Crime
Case of Kondana,5.8,607000,143,Crime
Cult Killer,4.8,2800,105,Crime
Guns & Moses,8.2,47000,94,Crime
King Ivory,7.3,63000,130,Crime
Ulajh,6.0,24000,150,Crime
Barron's Cove,8.2,33000,116,Crime
Lover Stalker Killer,7.0,13000,90,Crime
Compulsion,6.3,13000,94,Crime
What Jennifer Did,6.1,11000,87,Crime
Bougainvillea,6.4,3200,138,Crime
Savi,6.1,35000,126,Crime
Anweshippin Kandethum,7.4,10000,142,Crime
City Hunter,6.3,5600,102,Crime
Sicilian Letters,6.1,726000,122,Crime
Laws of Man,5.2,1000,98,Crime
Dead Wrong,3.9,259000,104,Crime
Sorgavaasal,6.6,1400,138,Crime
Broken Rage,6.1,1400,62,Crime
Boundless,5.6,1900,121,Crime
Saripodhaa Sanivaaram,7.0,9100,166,Crime
The Pee Pee Poo Poo Man,8.3,25000,79,Crime
To a Land Unknown,7.3,502000,105,Crime
Freedom,5.9,1400,110,Crime
Untamed Royals,4.6,641000,99,Crime
Jailbreak: Love on the Run,6.4,3200,88,Crime
First Shift,4.5,2000,89,Crime
Hijack 1971,6.8,3300,100,Crime
Io e te dobbiamo parlare,4.2,260000,95,Crime
In Her Place,6.2,1500,96,Crime
Bhakshak,7.2,7200,134,Crime
Sheriff,6.9,1100,133,Crime
Here Now,4.9,412000,118,Crime
Kahar: Kapla High Council,6.9,464000,102,Crime
How to Rob a Bank,6.6,4200,88,Crime
The Sabarmati Report,6.4,24000,127,Crime
Crescent City,3.9,1400,103,Crime
In Youth We Trust,6.7,435000,132,Crime
Kingsmen,6.3,48000,72,Crime
Strangers,4.3,389000,106,Crime
Gumasthan,5.8,517000,145,Crime
Hellhound,4.3,507000,103,Crime
Bloodline Killer,3.8,4400,105,Crime
Nice Girls,4.2,1200,92,Crime
Vettaiyan,7.0,39000,163,Crime
Wanted Man,4.8,2600,85,Crime
Ferry 2,5.6,3800,94,Crime
The Lockdown,4.3,612000,117,Crime
Shoutai,6.9,576000,120,Crime
Raayan,6.5,11000,145,Crime
Biggest Heist Ever,6.1,1500,85,Crime
Rats!,6.6,128000,85,Crime
Two to One,6.1,730000,116,Crime
Dirty Money,5.6,136000,100,Crime
The Shameless,5.8,223000,114,Crime
Dirty Ice Cream,4.4,121000,47,Crime
Auron Mein Kahan Dum Tha,6.5,41000,150,Crime
Belle,5.8,64000,100,Crime
Dengeler,5.3,213000,123,Crime
The Birds Who Fear Death,9.2,73000,102,Crime
Citizen of a Kind,6.7,827000,114,Crime
Serpent's Path,5.8,289000,112,Crime
A Place Called Silence,6.4,1200,119,Crime
Loverboy: Emoties Uit,6.4,520000,98,Crime
Amish Affair,5.5,201000,86,Crime
Peg O' My Heart,6.1,126000,97,Crime
Mission: Cross,6.1,2600,105,Crime
Faultline,5.7,98000,92,Crime
Phir Aayi Hasseen Dillruba,5.8,6800,132,Crime
GTMax,5.0,1200,100,Crime
Last Known Location,6.1,1400,110,Crime
Svemu dodje kraj,6.5,313000,89,Crime
Havnaa,7.2,245000,110,Crime
Roadkill,3.7,685000,90,Crime
They Called Him Mostly Harmless,5.9,3200,89,Crime
Conquer: Lahad Datu,6.6,516000,120,Crime
Tillu Square,6.6,3400,137,Crime
Miséria,5.3,101000,99,Crime
Octopus with Broken Arms,6.1,265000,109,Crime
Nefarious,7.1,56000,85,Crime
The Park Maniac,4.8,1600,103,Crime
Kaulayaw,4.1,167000,95,Crime
Anand Sreebala,6.6,2400,134,Crime
Sons of Rizk 3,6.7,1700,125,Crime
Scorched Earth,6.7,547000,101,Crime
The Final: Attack on Wembley,6.3,2500,82,Crime
Rautu Ka Raaz,6.3,2000,114,Crime
Borderless Fog,5.2,1300,110,Crime
Abraham Ozler,6.6,4200,143,Crime
The Smile Man,7.5,1500,122,Crime
She's Got No Name,7.0,50000,150,Crime
Nunakuzhi,6.8,3000,125,Crime
Road to Terzetto,7.2,35000,96,Crime
The Moon Thieves,6.1,254000,108,Crime
Bermondsey Tales: Fall of the Roman Empire,4.3,184000,99,Crime
Papa,7.5,326000,131,Crime
Cravings,1.7,10000,155,Crime
10 Days of a Curious Man,5.7,1300,110,Crime
Visfot,5.7,1200,130,Crime
Sayara,5.7,278000,98,Crime
Ghost Killer,7.0,76000,105,Crime
Crisis Negotiators,6.7,717000,120,Crime
Baby Assassins: Nice Days,7.3,306000,103,Crime
A Gangster's Kiss,4.7,47000,81,Crime
The Hostage,6.0,11000,87,Crime
Lady Scorpions,3.6,369000,101,Crime
Red Night at Skye's,7.0,9000,82,Crime
The Kingdom,7.9,91000,133,Crime
Mirza: Part 1 - Joker,6.8,241000,165,Crime
Love You to Debt,6.2,759000,135,Crime
Little Jaffna,6.9,45000,100,Crime
"Rajagunj: Pooja, Sir",6.4,738000,115,Crime
Mr. Bachchan,3.6,5300,150,Crime
The Experts,6.1,280000,121,Crime
Go for Broke,5.7,272000,115,Crime
Vina: Before 7 Days,5.4,593000,100,Crime
Dhakshina,5.4,5200,107,Crime
Una ballena,6.1,76000,108,Crime
The Truth vs. Alex Jones,7.5,3000,121,Crime
The Girl Who Wore Yellow Lace,4.5,22000,82,Crime
Nirangal Moondru,6.1,535000,122,Crime
Le Mohican,7.0,153000,87,Crime
Murder and Cocktails,3.9,363000,88,Crime
Midas,4.7,340000,85,Crime
Nahir,4.7,1100,122,Crime
(Pri)sons,5.0,274000,100,Crime
Passages of Nexus,5.7,254000,108,Crime
The Plot,4.8,383000,100,Crime
Krista,5.7,50000,58,Crime
Chris Brown: A History of Violence,5.4,319000,82,Crime
Jersey Bred,4.4,71000,92,Crime
Harom Hara,6.6,3000,154,Crime
A Brothers Bond,5.1,42000,103,Crime
Killer Babes,3.5,286000,94,Crime
Hit List,5.5,313000,125,Crime
No Cap,5.6,38000,108,Crime
Operation Raavan,7.8,1200,147,Crime
"MoviePass, MovieCrash",6.7,2800,96,Crime
Bunny & Clive,2.3,23000,76,Crime
Dandupalayam,5.5,1200,137,Crime
Bangkok Breaking: Heaven and Hell,5.8,669000,146,Crime
Quotation Gang Part 1,8.8,21000,118,Crime
Cookster: The Darkest Days,8.2,40000,119,Crime
Siren,6.4,2900,154,Crime
Unspoken,8.2,46000,120,Crime
The Heist,6.9,2000,120,Crime
"LSD 2: Love, Sex Aur Dhokha 2",3.8,2800,119,Crime
Hunt the Wicked,5.3,113000,102,Crime
Bars,5.8,23000,135,Crime
Remedy,4.1,261000,82,Crime
Final Heist,4.4,153000,83,Crime
Samandar,7.7,140000,172,Crime
Illusions for Sale: The Rise and Fall of Generation Zoe,6.2,645000,107,Crime
The Actor,3.4,733000,128,Crime
Metamorfosi dell'essere,7.3,82000,105,Crime
Drive,5.6,333000,90,Crime
Valley of the Shadow of Death,5.1,15000,84,Crime
Kondal,5.4,775000,147,Crime
Silence 2: The Night Owl Bar Shootout,6.2,1900,142,Crime
ChiefsAholic: A Wolf in Chiefs Clothing,6.2,376000,121,Crime
The Epidemic,5.7,72000,95,Crime
Oppa,8.5,47000,84,Crime
Plastic Guns,6.3,620000,95,Crime
Fyre Rises,6.5,322000,110,Crime
They Turned Us Into Killers,2.7,255000,86,Crime
Bhaje Vaayu Vegam,6.1,555000,136,Crime
Andhagan,6.7,1200,142,Crime
Silver Star,7.1,16000,102,Crime
Zebra,7.2,3200,164,Crime
PT Sir,6.8,1700,130,Crime
Silvio,3.0,514000,114,Crime
Gde nashi dengi?,6.5,14000,76,Crime
Scopophobia,6.0,53000,100,Crime
Where Is Gilgamesh?,9.0,607000,90,Crime
Filthy Animals,7.3,91000,96,Crime
Prepare to Die,4.6,236000,93,Crime
Sattam En Kaiyil,8.0,2200,124,Crime
Tòkunbò,3.9,296000,113,Crime
Red,4.6,97000,114,Crime
Blackia 2,6.0,126000,132,Crime
"Hemet, or the Landlady Don't Drink Tea",4.3,88000,89,Crime
Diddy: Summit to Plummet,2.3,202000,60,Crime
Sinful Lies,6.9,8000,65,Crime
Bastar: The Naxal Story,6.4,3300,124,Crime
The Mick and the Trick,4.9,76000,96,Crime
Guess Who,4.8,367000,93,Crime
9 Windows,3.6,310000,82,Crime
Satyabhama,5.9,1500,132,Crime
Troll Factory,5.8,469000,109,Crime
The Seven Sorrows of Mary,6.6,35000,98,Crime
The Desperate Chase,5.5,60000,110,Crime
Poslednji strelac,5.5,260000,90,Crime
Matka,4.7,585000,156,Crime
Gangs of Godavari,5.0,909000,165,Crime
The Shakedown,5.0,309000,104,Crime
Shu Si Yi Bo,6.7,33000,91,Crime
The Shadow,6.5,261000,90,Crime
Ballistic,2.2,161000,95,Crime
Un homme en fuite,5.4,159000,106,Crime
DNA,5.1,210000,156,Crime
Young Lion of the West,5.2,108000,93,Crime
Yalakunni,8.8,167000,135,Crime
RapeD,7.0,28000,105,Crime
Dead Man,5.1,206000,109,Crime
Mathu Vadalara 2,7.0,1700,139,Crime
Vares X,3.7,122000,85,Crime
Saindhav,5.1,1600,138,Crime
The Worst Man in London,5.7,146000,127,Crime
The Waterboyz,7.8,86000,89,Crime
Hustlers Take All,5.5,82000,106,Crime
High Forces,5.7,530000,119,Crime
Formed Police Unit,4.6,479000,120,Crime
Sous écrous,5.4,46000,111,Crime
The Infallibles,4.8,754000,99,Crime
Shakhahaari,7.5,1300,145,Crime
RTI,5.9,26000,130,Crime
Chameleon,5.8,31000,133,Crime
Estômago II: O Poderoso Chef,5.8,323000,131,Crime
Rebel,3.1,65000,100,Crime
One Last Time,7.0,15000,82,Crime
Unknown Caller,7.0,29000,63,Crime
Wannabe,4.6,126000,102,Crime
Yevam,5.8,1500,123,Crime
Remember Us,6.2,40000,96,Crime
Raja Rani,9.3,100000,134,Crime
S.I.T,6.7,2300,110,Crime
Blood and Black,7.4,1100,88,Crime
Bozji gnjev,7.2,59000,111,Crime
Danger in the Dorm,5.0,153000,86,Crime
Cursed in Baja,7.6,22000,80,Crime
Overdose,9.1,49000,135,Crime
Castillo,8.1,33000,128,Crime
Gam Gam Ganesha,5.3,310000,140,Crime
Desperado,5.9,144000,100,Crime
Piano Love,5.8,15000,96,Crime
The Unwavering Brotherhood,5.3,80000,94,Crime
Suspect,4.5,82000,94,Crime
Texas Twister,2.5,158000,88,Crime
Prasanna Vadanam,6.6,538000,146,Crime
Nastupit leto,6.7,33000,94,Crime
Cry of Silence,6.2,73000,116,Crime
Bodiless,5.7,1000,90,Crime
Bond of Justice: Kizuna Part I - Encounter,6.2,18000,92,Crime
Breaking the Silence: The Maria Soledad Case,6.3,520000,95,Crime
Pattaya Heat,5.6,223000,117,Crime
Mudo Kannu,6.6,2100,100,Crime
The Star City Murders,4.1,142000,79,Crime
Green Bones,7.7,189000,96,Crime
Chor Dil,7.4,37000,135,Crime
The Texas Cheerleader Murder Plot,5.0,297000,100,Crime
Dream Team,5.2,59000,91,Crime
Con Queens,6.2,19000,80,Crime
Shadows of Betrayal: Chronicles of Ian Blair,7.3,12000,65,Crime
The Murder of Sandra Rivett,6.3,145000,90,Crime
Untold: The Murder of Air McNair,5.6,2100,57,Crime
Angry Squad: Civil Servants & Seven Swindlers,7.9,45000,120,Crime
Oru Nodi,6.7,504000,128,Crime
Uninvited,6.5,77000,93,Crime
Beneath the Fold,7.5,26000,80,Crime
Reloaded 2,7.7,1100,45,Crime
Swing Bout,8.7,175000,90,Crime
Shivam Bhaje,7.8,3000,121,Crime
Killerwood,7.3,30000,84,Crime
Kokuhaku Confession,5.6,150000,74,Crime
Rakshana,5.4,1100,139,Crime
Taxali Gate,6.6,118000,95,Crime
Priyo Maloti,6.7,188000,119,Crime
Cafe 404,7.2,36000,93,Crime
Risky Business,7.8,92000,107,Crime
Marine Drive,9.5,50000,105,Crime
Wieczór kawalerski,4.8,436000,85,Crime
Kiss of the Con Queen,7.2,28000,117,Crime
Best Man Dead Man,7.0,13000,83,Crime
Sentimentaaal,5.3,977000,135,Crime
The Bitter Sugar,6.8,9000,92,Crime
Hovering Blade,6.1,237000,107,Crime
What Happens in Miami,4.3,220000,90,Crime
Plea,6.9,24000,88,Crime
Martingale,5.4,105000,103,Crime
Accident or Conspiracy: Godhra,7.4,783000,133,Crime
Vivekam,8.2,308000,104,Crime
Pathological: The Lies of Joran van der Sloot,6.5,347000,93,Crime
Tiger Wolf Rabbit,6.2,506000,126,Crime
La mort viendra,6.0,42000,101,Crime
Brattt,4.7,67000,117,Crime
Second Life,6.7,49000,105,Crime
Holiday Hold-Up,5.6,69000,89,Crime
Chithini,6.0,551000,151,Crime
Kaliyugam Pattanamlo,6.6,2200,150,Crime
Kala Ratri,6.8,15000,122,Crime
Rob N Roll,6.1,1500,98,Crime
Bheema,5.8,954000,148,Crime
Kingdom Reign,8.4,38000,119,Crime
Dark World,4.9,15000,135,Crime
The Donor,9.0,9000,23,Crime
Vojna policajtov,6.5,339000,150,Crime
Raavsaheb,8.4,7000,138,Crime
"Bullets, Brothers and Blood",7.8,15000,85,Crime
Dark Deceptions,6.2,36000,82,Crime
Killcon,9.5,14000,31,Crime
Maven,9.4,44000,135,Crime
Villain - Life of a Gangster,8.9,157000,141,Crime
The Legend of the Vagabond Queen of Lagos,7.8,37000,100,Crime
Gold Boy,6.5,134000,129,Crime
Thirumbipaar,5.6,239000,101,Crime
Protein,6.5,62000,100,Crime
Pungut,6.9,12000,100,Crime
Hain,2.9,45000,95,Crime
Money No Enough 3,6.0,264000,138,Crime
Dickweed,7.1,36000,90,Crime
CHAAW: Chapter 3 - Christmas Time Is Here,7.9,475000,72,Crime
GATAO: Like Father Like Son,6.8,70000,100,Crime
Suspicion,3.6,211000,115,Crime
Lipstick,6.4,28000,145,Crime
Raktaksha,8.0,1400,118,Crime
Nico,8.3,46000,109,Crime
Valleyheart,8.8,37000,98,Crime
Blood Dried Hands,5.4,36000,115,Crime
Whatever It Takes,8.3,14000,93,Crime
4N6,9.6,62000,117,Crime
Thankamani,4.6,229000,156,Crime
Abudeka Is Back,5.3,35000,120,Crime
State of Silence,6.5,110000,80,Crime
Abnormal: Buas,5.6,26000,90,Crime
Niyathi,6.8,172000,113,Crime
Housekeeping,6.0,41000,98,Crime
Landkrimi: Steirergift,6.3,67000,90,Crime
Crime Reel,7.5,141000,111,Crime
Tiempo de Pagar,7.4,48000,63,Crime
Chitram Choodara,4.6,15000,127,Crime
Charlotte Link - Ohne Schuld,5.5,41000,89,Crime
A Place Under the Sun,9.2,35000,110,Crime
Meitantei Conan Bâsasu Kaitô Kiddo,6.1,162000,81,Crime
Pepe,5.0,493000,126,Crime
Nasha Jurm Aur Gangsters,6.6,2600,137,Crime
Secret Home,8.3,148000,117,Crime
The Victims,5.9,84000,99,Crime
Bury Him,7.4,13000,88,Crime
Gossip to Die For,5.3,82000,94,Crime
Nelma Kodama: The Queen of Dirty Money,5.5,184000,94,Crime
Porch Pirates,5.0,104000,107,Crime
Who Killed Angel Adams?,6.3,24000,76,Crime
Snowstorm,4.5,6000,91,Crime
ONENESS,9.3,18000,115,Crime
Thozhar Che Guevara,5.1,37000,120,Crime
Supplier Shankara,9.3,71000,163,Crime
Dream Lock,8.6,21000,100,Crime
The Stix,7.2,32000,123,Crime
Three Old Boys,4.8,97000,108,Crime
The Good Loan Sharks,5.0,75000,122,Crime
My Home Hero the Movie,6.1,8000,117,Crime
Game Over,5.7,20000,74,Crime
Common Sense,2.5,20000,68,Crime
Lipstick on the Glass,4.6,12000,116,Crime
Anyone Else But Me,7.0,153000,95,Crime
The Bodyguard,6.6,30000,87,Crime
Kurukku,6.6,532000,109,Crime
Lorry Chapter-1,5.7,2400,183,Crime
Aranam,7.5,402000,127,Crime
Welcome to the Game,5.9,64000,90,Crime
Diari de la meva sextorsió,6.5,53000,64,Crime
Historias invisibles,6.4,27000,110,Crime
Paarijathaparvam,6.2,2300,133,Crime
Nietzsche's Umbrella,8.7,21000,86,Crime
Maloney - Die ersten drei haarsträubenden Fälle,6.7,76000,98,Crime
Murder in a Teacup,6.3,148000,93,Crime
Uno Sir,6.4,44000,106,Crime
Searching for Amani,7.9,31000,80,Crime
First Rites,7.0,5000,114,Crime
Routa,6.5,31000,127,Crime
G - 21 scener från Gottsunda,7.0,184000,80,Crime
Jama,6.3,16000,71,Crime
Ugravatara,7.9,552000,122,Crime
Orah,7.1,20000,95,Crime
Kiyma: Orman Kanunlari,4.5,36000,81,Crime
Muzhskoe slovo,6.5,462000,94,Crime
Muroi Shinji: Yaburezaru Mono,7.7,7000,115,Crime
"Milk, Rice, and the Blood",9.0,53000,45,Crime
A Valentine's Day,8.4,9000,126,Crime
The Dealer,8.3,12000,120,Crime
Jaspal,7.3,28000,106,Crime
Opportunity,8.9,91000,96,Crime
Theppa Samudram,7.4,1600,133,Crime
Tschugger - Der Lätscht Fall,8.1,165000,147,Crime
Siragan,7.0,152000,130,Crime
Grey Games,8.8,1100,121,Crime
Vergüenza,6.9,23000,103,Crime
Myall Creek Day of Justice,6.4,17000,78,Crime
Atlanta 10.02,5.3,14000,45,Crime
The Housewife and the Hustler 2: The Reckoning,6.5,44000,94,Crime
Salvajes,5.6,60000,90,Crime
Haunting Trophies,7.7,66000,150,Crime
Untouchable,4.5,88000,112,Crime
Rancor,7.0,34000,83,Crime
Laandhar,4.1,97000,117,Crime
Los Justos,6.4,74000,79,Crime
Hocus Focus,7.9,19000,85,Crime
Jog 101,6.6,497000,107,Crime
The Bottom Line,6.5,12000,107,Crime
Mukhya Gamanika,8.5,2100,125,Crime
"Fallen Leaves, Broken Lighters",7.7,7000,96,Crime
Scapegoat,7.0,22000,85,Crime
Common Creed: Trafficking,6.7,8000,106,Crime
Malam Pertobatan,6.8,11000,81,Crime
Aaro,4.5,13000,120,Crime
Gull Lake Vice II: The Delusion Continues,8.2,16000,58,Crime
Ingu Mirugangal Vaazhum Idam,6.2,14000,108,Crime
Lesní vrah,4.2,78000,78,Crime
Abduction Chronicles,8.4,36000,126,Crime
Yathabhava,8.3,28000,127,Crime
Below the Rim,5.0,16000,89,Crime
Break War,2.4,15000,86,Crime
Bigul,9.3,46000,144,Crime
Agontuk,5.5,23000,125,Crime
Walk the Line,5.5,94000,115,Crime
Rhino Man,8.8,42000,96,Crime
The London Underground Killer,4.7,92000,91,Crime
Gally Gang Stars,9.0,2000,157,Crime
Blue Christmas,5.6,21000,79,Crime
"Compa, me gusta su vieja",5.7,20000,86,Crime
Jalandhara,9.2,545000,110,Crime
5D,8.2,578000,129,Crime
Blitz,7.2,8000,6,Crime
Chacaleria,8.1,419000,116,Crime
Vallavan Vaguthadhada,6.5,56000,104,Crime
Lolipop Gang,3.6,6000,90,Crime
Vengeful,6.1,18000,100,Crime
Don't Love,7.8,1500,177,Crime
The Real Story of January 6: Part 2 - The Long Road Home,6.2,29000,90,Crime
Little Black Submarines,6.9,57000,123,Crime
Insurance Jimmy,6.9,148000,110,Crime
The Deal,8.5,26000,130,Crime
Passagrana,6.5,129000,100,Crime
Shina,7.5,7000,98,Crime
Die Bloedhonde,6.3,10000,97,Crime
Sangharshana,7.3,1600,102,Crime
Rangeli,9.4,93000,140,Crime
Dai jia fa de ren,5.4,59000,121,Crime
Novyy god v Beryozovke,7.1,99000,94,Crime
Kaçkin,7.6,9000,104,Crime
Kunstroof,7.0,43000,102,Crime
Pinnil Oral,6.0,113000,127,Crime
AK47,7.2,14000,146,Crime
Koresha,3.0,63000,86,Crime
Guxim,7.7,34000,75,Crime
Above the Trees,6.5,14000,125,Crime
Leha,2.3,42000,98,Crime
What Lies Within,5.3,13000,90,Crime
SMB-plush presents trick or death,8.8,16000,120,Crime
La Tamalera,8.2,9000,115,Crime
Downfall of the Crypto King (theatrical feature),6.2,28000,90,Crime
Pink Butterfly,5.7,55000,109,Crime
Liebling Kreuzberg 2.0,5.1,50000,89,Crime
A Frozen Rage,5.4,47000,115,Crime
A Reel Heist,5.2,58000,116,Crime
Mun Kaupunki,6.6,22000,105,Crime
Beauty Grace Malice,7.6,44000,81,Crime
Yurka,4.0,30000,85,Crime
Mina and the Radio Bandits,7.3,44000,110,Crime
Sharma & Ambani,9.1,183000,104,Crime
Yaa Devi Sarva Bhuteshu,8.7,8000,119,Crime
Shades of Sapphire,7.8,9000,77,Crime
Ata Nirjon Duporiya,8.0,10000,103,Crime
Real Estate Sisters,4.8,17000,84,Crime
Dead Name,9.0,11000,84,Crime
Thirsty for Likes,4.0,38000,46,Crime
Spending Some Time Together,6.9,28000,146,Crime
No Loose Ends,6.7,9000,68,Crime
Who Do You Trust?,3.6,40000,96,Crime
Bayamariya Brammai,8.8,25000,88,Crime
7vens Law,9.4,20000,68,Crime
Conviction,7.0,36000,97,Crime
Vrutos,8.4,9000,100,Crime
Netru Indha Neram,5.5,136000,140,Crime
Water Mafia,9.2,13000,45,Crime
Dheera Samrat,9.8,99000,123,Crime
Full Clip for a Snitch,3.9,18000,75,Crime
Give Me a Ride,5.0,16000,102,Crime
El Junior Del Patron,7.4,10000,92,Crime
Dawgz Life,8.0,11000,143,Crime
Slapes,6.8,31000,82,Crime
All Suspects,3.6,19000,96,Crime
So It Goes,3.3,19000,77,Crime
Namak,4.5,13000,75,Crime
Los Hijos De Camelia y Emilio,6.4,28000,82,Crime
Nacida Para Vengar,8.0,9000,102,Crime
Po du xing dong,6.8,5000,79,Crime
The AI Dharma Story,2.5,1100,89,Crime
The Burned Hand,8.0,12000,85,Crime
The Kills,8.8,9000,70,Crime
Jimmy's Friends,7.0,11000,94,Crime
El Cartel De Teresa,8.0,9000,96,Crime
El Juego Del Poder,7.8,10000,95,Crime
Kenda,8.9,20000,135,Crime
Randa Ramphal,8.5,8000,70,Crime
Detroit Ransom,6.8,11000,76,Crime
Lealtad o Morir,8.2,9000,87,Crime
Der Wien-Krimi: Blind ermittelt - Tod im Palais,6.9,30000,88,Crime
Las Hermanas Del Cartel,8.2,5000,91,Crime
La Nueva Camelia,5.4,17000,95,Crime
Duelo De Capos,6.3,28000,83,Crime
Runnin' from Wolves,7.2,10000,133,Crime
Beautifully Broken People,8.9,9000,75,Crime
Cageling,5.9,8000,69,Crime
Mufasa: The Lion King,6.6,63000,118,Musical
Wicked,7.5,157000,160,Musical
Moana 2,6.6,102000,100,Musical
Better Man,7.6,27000,135,Musical
Joker: Folie à Deux,5.2,160000,138,Musical
Emilia Pérez,5.4,88000,132,Musical
Mean Girls,5.5,37000,112,Musical
Descendants: The Rise of Red,4.7,7000,91,Musical
Spellbound,5.5,7400,109,Musical
Spermageddon,5.8,816000,80,Musical
The End,5.5,1900,148,Musical
Piece by Piece,6.9,5400,93,Musical
Thelma the Unicorn,5.7,2900,93,Musical
The Merry Gentlemen,4.8,10000,87,Musical
This Is Me... Now,4.1,7100,65,Musical
The Deb,7.5,71000,121,Musical
The Night Before Christmas in Wonderland,6.3,518000,80,Musical
Victory,6.4,286000,120,Musical
The Opera!,7.1,76000,106,Musical
Queens of Drama,6.3,196000,114,Musical
Noah's Ark,4.3,662000,96,Musical
Shannon Matthews the Musical the Movie,7.5,198000,91,Musical
Dongeng Sang Kancil,6.7,173000,99,Musical
Bonnie and Clyde: The Musical,7.5,89000,150,Musical
Girl from the North Country,7.0,13000,152,Musical
How Could I Live Without You?,6.9,1000,105,Musical
Chainsaws Were Singing,7.2,362000,117,Musical
Gaga Chromatica Ball,8.1,2000,117,Musical
Polvo serán,6.7,295000,106,Musical
Fox & Hare Save the Forest,5.9,203000,71,Musical
First Nights at Freddy's,9.3,16000,98,Musical
Kajolrekha,6.3,177000,156,Musical
Krispy Rishtey,6.5,70000,133,Musical
Varshangalkku Shesham,6.6,4200,166,Musical
Trapezium,6.3,152000,102,Musical
Dans la cuisine des Nguyen,7.2,73000,99,Musical
Captain Avispa,5.8,177000,96,Musical
Isang himala,7.4,24000,145,Musical
Carol,8.3,47000,115,Musical
Sisters and Neighbors!,6.5,188000,105,Musical
O Melhor Amigo,7.2,62000,96,Musical
"Kiss Me, Kate: The Musical",7.7,28000,161,Musical
Heart Strings,5.8,10000,107,Musical
Petta Rap,3.8,1700,123,Musical
Benjamin Bat,7.9,30000,75,Musical
Eating Me Up,8.1,295000,104,Musical
Shahid,6.5,84000,84,Musical
Amaltash,8.1,149000,113,Musical
Nature Cat's Nature Movie Special Extraordinaire,7.3,19000,53,Musical
Hov1 4-ever,6.4,73000,92,Musical
Call Me Agnes,6.8,17000,94,Musical
Zhi Ci Qing Lv,6.7,49000,89,Musical
My Favourite Things: The Rodgers & Hammerstein 80th Anniversary Concert,7.9,59000,0,Musical
Pattaapakal,2.7,221000,104,Musical
The Good Loan Sharks,5.0,75000,122,Musical
Under Streetlights,9.0,15000,90,Musical
Solo Town,6.4,25000,103,Musical
Ya Boy Kongming! Road to Summer Sonia,7.4,40000,119,Musical
Keo=peul-ji-ok,5.3,7000,94,Musical
Mezhdu nami leto,5.7,56000,113,Musical
Peaceful Lights,9.6,19000,86,Musical
Rangde,7.3,7000,143,Musical
"Bryson, the Demon Slayer",4.5,12000,59,Musical
Iyus Jenius,9.0,7000,82,Musical
The Clashing Elements: Saviors of the Multiverse,7.2,9000,91,Musical
KorimDick,8.6,7000,21,Musical
El musical de los 80s y los 90s. La película,6.1,8000,80,Musical
